{
    "(2, 0.2, (0.1, 0.4, 2.0))": -101.7333984375,
    "(2, 0.4, (0.1, 0.4, 2.0))": -100.79463195800781,
    "(2, 0.6, (0.1, 0.4, 2.0))": -99.95767974853516,
    "(2, 0.8, (0.1, 0.4, 2.0))": -98.4610366821289,
    "(2, 1.0, (0.1, 0.4, 2.0))": -98.57327270507812,
    "(2, 1.2, (0.1, 0.4, 2.0))": -98.45723724365234,
    "(2, 1.4, (0.1, 0.4, 2.0))": -96.88774871826172,
    "(2, 1.6, (0.1, 0.4, 2.0))": -96.79772186279297,
    "(2, 1.8, (0.1, 0.4, 2.0))": -96.23141479492188,
    "(2, 2.0, (0.1, 0.4, 2.0))": -96.09123992919922,
    "(2, 0.2, (0.1, 0.8, 2.0))": -101.37223052978516,
    "(2, 0.4, (0.1, 0.8, 2.0))": -99.62816619873047,
    "(2, 0.6, (0.1, 0.8, 2.0))": -99.01162719726562,
    "(2, 0.8, (0.1, 0.8, 2.0))": -97.80836486816406,
    "(2, 1.0, (0.1, 0.8, 2.0))": -96.99623107910156,
    "(2, 1.2, (0.1, 0.8, 2.0))": -95.43917083740234,
    "(2, 1.4, (0.1, 0.8, 2.0))": -94.41787719726562,
    "(2, 1.6, (0.1, 0.8, 2.0))": -93.39360046386719,
    "(2, 1.8, (0.1, 0.8, 2.0))": -93.02584838867188,
    "(2, 2.0, (0.1, 0.8, 2.0))": -92.40235900878906,
    "(2, 0.2, (0.1, 1.2, 2.0))": -100.63207244873047,
    "(2, 0.4, (0.1, 1.2, 2.0))": -98.36468505859375,
    "(2, 0.6, (0.1, 1.2, 2.0))": -97.51203155517578,
    "(2, 0.8, (0.1, 1.2, 2.0))": -95.76810455322266,
    "(2, 1.0, (0.1, 1.2, 2.0))": -95.32689666748047,
    "(2, 1.2, (0.1, 1.2, 2.0))": -93.85671997070312,
    "(2, 1.4, (0.1, 1.2, 2.0))": -93.46063232421875,
    "(2, 1.6, (0.1, 1.2, 2.0))": -91.97625732421875,
    "(2, 1.8, (0.1, 1.2, 2.0))": -91.10687255859375,
    "(2, 2.0, (0.1, 1.2, 2.0))": -89.65638732910156,
    "(2, 0.2, (0.1, 1.6, 2.0))": -99.81289672851562,
    "(2, 0.4, (0.1, 1.6, 2.0))": -97.49995422363281,
    "(2, 0.6, (0.1, 1.6, 2.0))": -96.02657318115234,
    "(2, 0.8, (0.1, 1.6, 2.0))": -94.40170288085938,
    "(2, 1.0, (0.1, 1.6, 2.0))": -93.41229248046875,
    "(2, 1.2, (0.1, 1.6, 2.0))": -91.76102447509766,
    "(2, 1.4, (0.1, 1.6, 2.0))": -90.45919799804688,
    "(2, 1.6, (0.1, 1.6, 2.0))": -90.70935821533203,
    "(2, 1.8, (0.1, 1.6, 2.0))": -88.66556549072266,
    "(2, 2.0, (0.1, 1.6, 2.0))": -87.72746276855469,
    "(2, 0.2, (0.1, 2.0, 2.0))": -99.3529052734375,
    "(2, 0.4, (0.1, 2.0, 2.0))": -97.57098388671875,
    "(2, 0.6, (0.1, 2.0, 2.0))": -95.86724853515625,
    "(2, 0.8, (0.1, 2.0, 2.0))": -94.03962707519531,
    "(2, 1.0, (0.1, 2.0, 2.0))": -92.92990112304688,
    "(2, 1.2, (0.1, 2.0, 2.0))": -91.19385528564453,
    "(2, 1.4, (0.1, 2.0, 2.0))": -89.36973571777344,
    "(2, 1.6, (0.1, 2.0, 2.0))": -88.9913558959961,
    "(2, 1.8, (0.1, 2.0, 2.0))": -87.11970520019531,
    "(2, 2.0, (0.1, 2.0, 2.0))": -85.90605926513672,
    "(2, 0.2, (0.1, 2.4, 2.0))": -98.44091033935547,
    "(2, 0.4, (0.1, 2.4, 2.0))": -97.47383880615234,
    "(2, 0.6, (0.1, 2.4, 2.0))": -96.59864044189453,
    "(2, 0.8, (0.1, 2.4, 2.0))": -94.68651580810547,
    "(2, 1.0, (0.1, 2.4, 2.0))": -92.45511627197266,
    "(2, 1.2, (0.1, 2.4, 2.0))": -91.24773406982422,
    "(2, 1.4, (0.1, 2.4, 2.0))": -89.44034576416016,
    "(2, 1.6, (0.1, 2.4, 2.0))": -87.85659790039062,
    "(2, 1.8, (0.1, 2.4, 2.0))": -87.03046417236328,
    "(2, 2.0, (0.1, 2.4, 2.0))": -85.64484405517578,
    "(2, 0.2, (0.1, 2.8, 2.0))": -99.40184783935547,
    "(2, 0.4, (0.1, 2.8, 2.0))": -97.73252868652344,
    "(2, 0.6, (0.1, 2.8, 2.0))": -96.16495513916016,
    "(2, 0.8, (0.1, 2.8, 2.0))": -94.24980926513672,
    "(2, 1.0, (0.1, 2.8, 2.0))": -93.37042236328125,
    "(2, 1.2, (0.1, 2.8, 2.0))": -90.7807388305664,
    "(2, 1.4, (0.1, 2.8, 2.0))": -89.42704010009766,
    "(2, 1.6, (0.1, 2.8, 2.0))": -87.57482147216797,
    "(2, 1.8, (0.1, 2.8, 2.0))": -85.23611450195312,
    "(2, 2.0, (0.1, 2.8, 2.0))": -84.07476806640625,
    "(2, 0.2, (0.1, 3.2, 2.0))": -99.1500244140625,
    "(2, 0.4, (0.1, 3.2, 2.0))": -97.51258850097656,
    "(2, 0.6, (0.1, 3.2, 2.0))": -96.04093170166016,
    "(2, 0.8, (0.1, 3.2, 2.0))": -94.40711975097656,
    "(2, 1.0, (0.1, 3.2, 2.0))": -92.72118377685547,
    "(2, 1.2, (0.1, 3.2, 2.0))": -90.99040985107422,
    "(2, 1.4, (0.1, 3.2, 2.0))": -89.78030395507812,
    "(2, 1.6, (0.1, 3.2, 2.0))": -88.0538330078125,
    "(2, 1.8, (0.1, 3.2, 2.0))": -86.13555908203125,
    "(2, 2.0, (0.1, 3.2, 2.0))": -84.35102081298828,
    "(2, 0.2, (0.1, 3.6, 2.0))": -99.45343780517578,
    "(2, 0.4, (0.1, 3.6, 2.0))": -97.45779418945312,
    "(2, 0.6, (0.1, 3.6, 2.0))": -95.48992156982422,
    "(2, 0.8, (0.1, 3.6, 2.0))": -94.40762329101562,
    "(2, 1.0, (0.1, 3.6, 2.0))": -92.92169189453125,
    "(2, 1.2, (0.1, 3.6, 2.0))": -91.30526733398438,
    "(2, 1.4, (0.1, 3.6, 2.0))": -89.34530639648438,
    "(2, 1.6, (0.1, 3.6, 2.0))": -87.7513656616211,
    "(2, 1.8, (0.1, 3.6, 2.0))": -86.1506576538086,
    "(2, 2.0, (0.1, 3.6, 2.0))": -84.67255401611328,
    "(2, 0.2, (0.1, 4.0, 2.0))": -99.25674438476562,
    "(2, 0.4, (0.1, 4.0, 2.0))": -97.43460083007812,
    "(2, 0.6, (0.1, 4.0, 2.0))": -95.18870544433594,
    "(2, 0.8, (0.1, 4.0, 2.0))": -93.79014587402344,
    "(2, 1.0, (0.1, 4.0, 2.0))": -92.50889587402344,
    "(2, 1.2, (0.1, 4.0, 2.0))": -91.04944610595703,
    "(2, 1.4, (0.1, 4.0, 2.0))": -89.577392578125,
    "(2, 1.6, (0.1, 4.0, 2.0))": -87.01466369628906,
    "(2, 1.8, (0.1, 4.0, 2.0))": -85.79898071289062,
    "(2, 2.0, (0.1, 4.0, 2.0))": -84.48925018310547,
    "(2, 0.2, (0.1, 4.4, 2.0))": -99.05542755126953,
    "(2, 0.4, (0.1, 4.4, 2.0))": -96.83966827392578,
    "(2, 0.6, (0.1, 4.4, 2.0))": -94.91001892089844,
    "(2, 0.8, (0.1, 4.4, 2.0))": -92.76216888427734,
    "(2, 1.0, (0.1, 4.4, 2.0))": -92.20187377929688,
    "(2, 1.2, (0.1, 4.4, 2.0))": -89.75703430175781,
    "(2, 1.4, (0.1, 4.4, 2.0))": -88.59465789794922,
    "(2, 1.6, (0.1, 4.4, 2.0))": -86.26398468017578,
    "(2, 1.8, (0.1, 4.4, 2.0))": -84.27898406982422,
    "(2, 2.0, (0.1, 4.4, 2.0))": -83.14057159423828,
    "(2, 0.2, (0.1, 4.8, 2.0))": -98.63990783691406,
    "(2, 0.4, (0.1, 4.8, 2.0))": -95.98517608642578,
    "(2, 0.6, (0.1, 4.8, 2.0))": -93.90314483642578,
    "(2, 0.8, (0.1, 4.8, 2.0))": -92.80136108398438,
    "(2, 1.0, (0.1, 4.8, 2.0))": -91.21370697021484,
    "(2, 1.2, (0.1, 4.8, 2.0))": -88.75538635253906,
    "(2, 1.4, (0.1, 4.8, 2.0))": -87.35465240478516,
    "(2, 1.6, (0.1, 4.8, 2.0))": -86.15535736083984,
    "(2, 1.8, (0.1, 4.8, 2.0))": -84.91580963134766,
    "(2, 2.0, (0.1, 4.8, 2.0))": -83.54450988769531,
    "(2, 0.2, (0.1, 5.2, 2.0))": -97.95629119873047,
    "(2, 0.4, (0.1, 5.2, 2.0))": -95.044921875,
    "(2, 0.6, (0.1, 5.2, 2.0))": -93.62045288085938,
    "(2, 0.8, (0.1, 5.2, 2.0))": -91.86402130126953,
    "(2, 1.0, (0.1, 5.2, 2.0))": -89.68097686767578,
    "(2, 1.2, (0.1, 5.2, 2.0))": -88.0331039428711,
    "(2, 1.4, (0.1, 5.2, 2.0))": -86.66069793701172,
    "(2, 1.6, (0.1, 5.2, 2.0))": -85.26393127441406,
    "(2, 1.8, (0.1, 5.2, 2.0))": -83.99312591552734,
    "(2, 2.0, (0.1, 5.2, 2.0))": -83.02703094482422,
    "(2, 0.2, (0.1, 5.6, 2.0))": -98.54439544677734,
    "(2, 0.4, (0.1, 5.6, 2.0))": -95.24126434326172,
    "(2, 0.6, (0.1, 5.6, 2.0))": -93.17530822753906,
    "(2, 0.8, (0.1, 5.6, 2.0))": -90.87501525878906,
    "(2, 1.0, (0.1, 5.6, 2.0))": -88.96675872802734,
    "(2, 1.2, (0.1, 5.6, 2.0))": -87.80583953857422,
    "(2, 1.4, (0.1, 5.6, 2.0))": -85.60155487060547,
    "(2, 1.6, (0.1, 5.6, 2.0))": -84.63863372802734,
    "(2, 1.8, (0.1, 5.6, 2.0))": -83.47807312011719,
    "(2, 2.0, (0.1, 5.6, 2.0))": -82.49748229980469,
    "(2, 0.2, (0.1, 6.0, 2.0))": -98.5464096069336,
    "(2, 0.4, (0.1, 6.0, 2.0))": -95.22393798828125,
    "(2, 0.6, (0.1, 6.0, 2.0))": -92.54901885986328,
    "(2, 0.8, (0.1, 6.0, 2.0))": -90.97638702392578,
    "(2, 1.0, (0.1, 6.0, 2.0))": -88.0348129272461,
    "(2, 1.2, (0.1, 6.0, 2.0))": -86.9090576171875,
    "(2, 1.4, (0.1, 6.0, 2.0))": -85.09146118164062,
    "(2, 1.6, (0.1, 6.0, 2.0))": -84.856689453125,
    "(2, 1.8, (0.1, 6.0, 2.0))": -83.72767639160156,
    "(2, 2.0, (0.1, 6.0, 2.0))": -82.40553283691406,
    "(2, 0.2, (0.1, 6.4, 2.0))": -97.72701263427734,