{
    "(2, 0.2, (0.1, 0.4, 2.0))": 94.23393249511719,
    "(2, 0.4, (0.1, 0.4, 2.0))": 94.3163070678711,
    "(2, 0.6, (0.1, 0.4, 2.0))": 94.398681640625,
    "(2, 0.8, (0.1, 0.4, 2.0))": 94.3163070678711,
    "(2, 1.0, (0.1, 0.4, 2.0))": 94.56342315673828,
    "(2, 1.2, (0.1, 0.4, 2.0))": 94.4810562133789,
    "(2, 1.4, (0.1, 0.4, 2.0))": 94.398681640625,
    "(2, 1.6, (0.1, 0.4, 2.0))": 94.4810562133789,
    "(2, 1.8, (0.1, 0.4, 2.0))": 94.7281723022461,
    "(2, 2.0, (0.1, 0.4, 2.0))": 94.56342315673828,
    "(2, 0.2, (0.1, 0.8, 2.0))": 94.398681640625,
    "(2, 0.4, (0.1, 0.8, 2.0))": 94.398681640625,
    "(2, 0.6, (0.1, 0.8, 2.0))": 94.398681640625,
    "(2, 0.8, (0.1, 0.8, 2.0))": 94.64579772949219,
    "(2, 1.0, (0.1, 0.8, 2.0))": 94.7281723022461,
    "(2, 1.2, (0.1, 0.8, 2.0))": 94.7281723022461,
    "(2, 1.4, (0.1, 0.8, 2.0))": 94.7281723022461,
    "(2, 1.6, (0.1, 0.8, 2.0))": 94.89291381835938,
    "(2, 1.8, (0.1, 0.8, 2.0))": 94.89291381835938,
    "(2, 2.0, (0.1, 0.8, 2.0))": 95.1400375366211,
    "(2, 0.2, (0.1, 1.2, 2.0))": 94.398681640625,
    "(2, 0.4, (0.1, 1.2, 2.0))": 94.56342315673828,
    "(2, 0.6, (0.1, 1.2, 2.0))": 94.64579772949219,
    "(2, 0.8, (0.1, 1.2, 2.0))": 94.64579772949219,
    "(2, 1.0, (0.1, 1.2, 2.0))": 94.7281723022461,
    "(2, 1.2, (0.1, 1.2, 2.0))": 94.810546875,
    "(2, 1.4, (0.1, 1.2, 2.0))": 94.97528839111328,
    "(2, 1.6, (0.1, 1.2, 2.0))": 95.1400375366211,
    "(2, 1.8, (0.1, 1.2, 2.0))": 95.30477905273438,
    "(2, 2.0, (0.1, 1.2, 2.0))": 95.46952056884766,
    "(2, 0.2, (0.1, 1.6, 2.0))": 94.398681640625,
    "(2, 0.4, (0.1, 1.6, 2.0))": 94.4810562133789,
    "(2, 0.6, (0.1, 1.6, 2.0))": 94.64579772949219,
    "(2, 0.8, (0.1, 1.6, 2.0))": 94.64579772949219,
    "(2, 1.0, (0.1, 1.6, 2.0))": 94.810546875,
    "(2, 1.2, (0.1, 1.6, 2.0))": 94.810546875,
    "(2, 1.4, (0.1, 1.6, 2.0))": 94.89291381835938,
    "(2, 1.6, (0.1, 1.6, 2.0))": 95.1400375366211,
    "(2, 1.8, (0.1, 1.6, 2.0))": 95.22240447998047,
    "(2, 2.0, (0.1, 1.6, 2.0))": 95.63426971435547,
    "(2, 0.2, (0.1, 2.0, 2.0))": 94.4810562133789,
    "(2, 0.4, (0.1, 2.0, 2.0))": 94.4810562133789,
    "(2, 0.6, (0.1, 2.0, 2.0))": 94.64579772949219,
    "(2, 0.8, (0.1, 2.0, 2.0))": 94.89291381835938,
    "(2, 1.0, (0.1, 2.0, 2.0))": 94.7281723022461,
    "(2, 1.2, (0.1, 2.0, 2.0))": 94.810546875,
    "(2, 1.4, (0.1, 2.0, 2.0))": 95.1400375366211,
    "(2, 1.6, (0.1, 2.0, 2.0))": 95.30477905273438,
    "(2, 1.8, (0.1, 2.0, 2.0))": 95.46952056884766,
    "(2, 2.0, (0.1, 2.0, 2.0))": 95.88138580322266,
    "(2, 0.2, (0.1, 2.4, 2.0))": 94.3163070678711,
    "(2, 0.4, (0.1, 2.4, 2.0))": 94.56342315673828,
    "(2, 0.6, (0.1, 2.4, 2.0))": 94.810546875,
    "(2, 0.8, (0.1, 2.4, 2.0))": 94.89291381835938,
    "(2, 1.0, (0.1, 2.4, 2.0))": 94.89291381835938,
    "(2, 1.2, (0.1, 2.4, 2.0))": 94.89291381835938,
    "(2, 1.4, (0.1, 2.4, 2.0))": 95.38714599609375,
    "(2, 1.6, (0.1, 2.4, 2.0))": 95.46952056884766,
    "(2, 1.8, (0.1, 2.4, 2.0))": 95.63426971435547,
    "(2, 2.0, (0.1, 2.4, 2.0))": 95.96376037597656,
    "(2, 0.2, (0.1, 2.8, 2.0))": 94.56342315673828,
    "(2, 0.4, (0.1, 2.8, 2.0))": 94.56342315673828,
    "(2, 0.6, (0.1, 2.8, 2.0))": 94.7281723022461,
    "(2, 0.8, (0.1, 2.8, 2.0))": 94.89291381835938,
    "(2, 1.0, (0.1, 2.8, 2.0))": 95.22240447998047,
    "(2, 1.2, (0.1, 2.8, 2.0))": 95.30477905273438,
    "(2, 1.4, (0.1, 2.8, 2.0))": 95.38714599609375,
    "(2, 1.6, (0.1, 2.8, 2.0))": 95.88138580322266,
    "(2, 1.8, (0.1, 2.8, 2.0))": 96.21087646484375,
    "(2, 2.0, (0.1, 2.8, 2.0))": 96.29324340820312,
    "(2, 0.2, (0.1, 3.2, 2.0))": 94.4810562133789,
    "(2, 0.4, (0.1, 3.2, 2.0))": 94.64579772949219,
    "(2, 0.6, (0.1, 3.2, 2.0))": 94.810546875,
    "(2, 0.8, (0.1, 3.2, 2.0))": 94.89291381835938,
    "(2, 1.0, (0.1, 3.2, 2.0))": 95.1400375366211,
    "(2, 1.2, (0.1, 3.2, 2.0))": 95.38714599609375,
    "(2, 1.4, (0.1, 3.2, 2.0))": 95.63426971435547,
    "(2, 1.6, (0.1, 3.2, 2.0))": 96.12850189208984,
    "(2, 1.8, (0.1, 3.2, 2.0))": 96.29324340820312,
    "(2, 2.0, (0.1, 3.2, 2.0))": 96.21087646484375,
    "(2, 0.2, (0.1, 3.6, 2.0))": 94.4810562133789,
    "(2, 0.4, (0.1, 3.6, 2.0))": 94.810546875,
    "(2, 0.6, (0.1, 3.6, 2.0))": 94.89291381835938,
    "(2, 0.8, (0.1, 3.6, 2.0))": 94.89291381835938,
    "(2, 1.0, (0.1, 3.6, 2.0))": 95.05766296386719,
    "(2, 1.2, (0.1, 3.6, 2.0))": 95.38714599609375,
    "(2, 1.4, (0.1, 3.6, 2.0))": 95.71663665771484,
    "(2, 1.6, (0.1, 3.6, 2.0))": 96.12850189208984,
    "(2, 1.8, (0.1, 3.6, 2.0))": 96.54035949707031,
    "(2, 2.0, (0.1, 3.6, 2.0))": 96.62273406982422,
    "(2, 0.2, (0.1, 4.0, 2.0))": 94.56342315673828,
    "(2, 0.4, (0.1, 4.0, 2.0))": 94.89291381835938,
    "(2, 0.6, (0.1, 4.0, 2.0))": 94.97528839111328,
    "(2, 0.8, (0.1, 4.0, 2.0))": 95.1400375366211,
    "(2, 1.0, (0.1, 4.0, 2.0))": 95.71663665771484,
    "(2, 1.2, (0.1, 4.0, 2.0))": 95.88138580322266,
    "(2, 1.4, (0.1, 4.0, 2.0))": 96.37561798095703,
    "(2, 1.6, (0.1, 4.0, 2.0))": 96.62273406982422,
    "(2, 1.8, (0.1, 4.0, 2.0))": 96.4579849243164,
    "(2, 2.0, (0.1, 4.0, 2.0))": 96.62273406982422,
    "(2, 0.2, (0.1, 4.4, 2.0))": 94.64579772949219,
    "(2, 0.4, (0.1, 4.4, 2.0))": 94.810546875,
    "(2, 0.6, (0.1, 4.4, 2.0))": 94.97528839111328,
    "(2, 0.8, (0.1, 4.4, 2.0))": 95.22240447998047,
    "(2, 1.0, (0.1, 4.4, 2.0))": 95.63426971435547,
    "(2, 1.2, (0.1, 4.4, 2.0))": 95.96376037597656,
    "(2, 1.4, (0.1, 4.4, 2.0))": 96.21087646484375,
    "(2, 1.6, (0.1, 4.4, 2.0))": 96.37561798095703,
    "(2, 1.8, (0.1, 4.4, 2.0))": 96.62273406982422,
    "(2, 2.0, (0.1, 4.4, 2.0))": 96.8698501586914,
    "(2, 0.2, (0.1, 4.8, 2.0))": 94.64579772949219,
    "(2, 0.4, (0.1, 4.8, 2.0))": 94.97528839111328,
    "(2, 0.6, (0.1, 4.8, 2.0))": 94.97528839111328,
    "(2, 0.8, (0.1, 4.8, 2.0))": 95.46952056884766,
    "(2, 1.0, (0.1, 4.8, 2.0))": 95.79901123046875,
    "(2, 1.2, (0.1, 4.8, 2.0))": 96.12850189208984,
    "(2, 1.4, (0.1, 4.8, 2.0))": 96.21087646484375,
    "(2, 1.6, (0.1, 4.8, 2.0))": 96.70510864257812,
    "(2, 1.8, (0.1, 4.8, 2.0))": 96.70510864257812,
    "(2, 2.0, (0.1, 4.8, 2.0))": 96.95222473144531,
    "(2, 0.2, (0.1, 5.2, 2.0))": 94.4810562133789,
    "(2, 0.4, (0.1, 5.2, 2.0))": 94.89291381835938,
    "(2, 0.6, (0.1, 5.2, 2.0))": 95.1400375366211,
    "(2, 0.8, (0.1, 5.2, 2.0))": 95.38714599609375,
    "(2, 1.0, (0.1, 5.2, 2.0))": 95.63426971435547,
    "(2, 1.2, (0.1, 5.2, 2.0))": 95.88138580322266,
    "(2, 1.4, (0.1, 5.2, 2.0))": 96.29324340820312,
    "(2, 1.6, (0.1, 5.2, 2.0))": 96.70510864257812,
    "(2, 1.8, (0.1, 5.2, 2.0))": 96.7874755859375,
    "(2, 2.0, (0.1, 5.2, 2.0))": 97.11697387695312,
    "(2, 0.2, (0.1, 5.6, 2.0))": 94.56342315673828,
    "(2, 0.4, (0.1, 5.6, 2.0))": 94.97528839111328,
    "(2, 0.6, (0.1, 5.6, 2.0))": 94.97528839111328,
    "(2, 0.8, (0.1, 5.6, 2.0))": 95.46952056884766,
    "(2, 1.0, (0.1, 5.6, 2.0))": 95.71663665771484,
    "(2, 1.2, (0.1, 5.6, 2.0))": 96.21087646484375,
    "(2, 1.4, (0.1, 5.6, 2.0))": 96.4579849243164,
    "(2, 1.6, (0.1, 5.6, 2.0))": 96.54035949707031,
    "(2, 1.8, (0.1, 5.6, 2.0))": 96.95222473144531,
    "(2, 2.0, (0.1, 5.6, 2.0))": 97.1993408203125,
    "(2, 0.2, (0.1, 6.0, 2.0))": 94.56342315673828,
    "(2, 0.4, (0.1, 6.0, 2.0))": 94.810546875,
    "(2, 0.6, (0.1, 6.0, 2.0))": 95.22240447998047,
    "(2, 0.8, (0.1, 6.0, 2.0))": 95.55189514160156,
    "(2, 1.0, (0.1, 6.0, 2.0))": 95.96376037597656,
    "(2, 1.2, (0.1, 6.0, 2.0))": 96.04612731933594,
    "(2, 1.4, (0.1, 6.0, 2.0))": 96.29324340820312,
    "(2, 1.6, (0.1, 6.0, 2.0))": 96.62273406982422,
    "(2, 1.8, (0.1, 6.0, 2.0))": 96.8698501586914,
    "(2, 2.0, (0.1, 6.0, 2.0))": 97.11697387695312,
    "(2, 0.2, (0.1, 6.4, 2.0))": 94.64579772949219,
    "(2, 0.4, (0.1, 6.4, 2.0))": 95.05766296386719,
    "(2, 0.6, (0.1, 6.4, 2.0))": 95.22240447998047,
    "(2, 0.8, (0.1, 6.4, 2.0))": 95.46952056884766,
    "(2, 1.0, (0.1, 6.4, 2.0))": 95.88138580322266,