{
    "(2, 0.2, (0.1, 0.4, 2.0))": -103.00777435302734,
    "(2, 0.4, (0.1, 0.4, 2.0))": -102.79830932617188,
    "(2, 0.6, (0.1, 0.4, 2.0))": -102.68746948242188,
    "(2, 0.8, (0.1, 0.4, 2.0))": -102.69828796386719,
    "(2, 1.0, (0.1, 0.4, 2.0))": -102.642822265625,
    "(2, 1.2, (0.1, 0.4, 2.0))": -102.62430572509766,
    "(2, 1.4, (0.1, 0.4, 2.0))": -102.48433685302734,
    "(2, 1.6, (0.1, 0.4, 2.0))": -102.453125,
    "(2, 1.8, (0.1, 0.4, 2.0))": -102.34412384033203,
    "(2, 2.0, (0.1, 0.4, 2.0))": -102.1695556640625,
    "(2, 0.2, (0.1, 0.8, 2.0))": -102.867431640625,
    "(2, 0.4, (0.1, 0.8, 2.0))": -102.7567138671875,
    "(2, 0.6, (0.1, 0.8, 2.0))": -102.58777618408203,
    "(2, 0.8, (0.1, 0.8, 2.0))": -102.35663604736328,
    "(2, 1.0, (0.1, 0.8, 2.0))": -102.36758422851562,
    "(2, 1.2, (0.1, 0.8, 2.0))": -102.21918487548828,
    "(2, 1.4, (0.1, 0.8, 2.0))": -102.21031951904297,
    "(2, 1.6, (0.1, 0.8, 2.0))": -102.02263641357422,
    "(2, 1.8, (0.1, 0.8, 2.0))": -101.96671295166016,
    "(2, 2.0, (0.1, 0.8, 2.0))": -101.87580108642578,
    "(2, 0.2, (0.1, 1.2, 2.0))": -102.83228302001953,
    "(2, 0.4, (0.1, 1.2, 2.0))": -102.61273193359375,
    "(2, 0.6, (0.1, 1.2, 2.0))": -102.36183166503906,
    "(2, 0.8, (0.1, 1.2, 2.0))": -102.33080291748047,
    "(2, 1.0, (0.1, 1.2, 2.0))": -102.16920471191406,
    "(2, 1.2, (0.1, 1.2, 2.0))": -102.10079956054688,
    "(2, 1.4, (0.1, 1.2, 2.0))": -101.7775650024414,
    "(2, 1.6, (0.1, 1.2, 2.0))": -101.77922058105469,
    "(2, 1.8, (0.1, 1.2, 2.0))": -101.74546813964844,
    "(2, 2.0, (0.1, 1.2, 2.0))": -101.64898681640625,
    "(2, 0.2, (0.1, 1.6, 2.0))": -102.93521118164062,
    "(2, 0.4, (0.1, 1.6, 2.0))": -102.46728515625,
    "(2, 0.6, (0.1, 1.6, 2.0))": -102.29683685302734,
    "(2, 0.8, (0.1, 1.6, 2.0))": -102.21979522705078,
    "(2, 1.0, (0.1, 1.6, 2.0))": -101.94091796875,
    "(2, 1.2, (0.1, 1.6, 2.0))": -101.5938491821289,
    "(2, 1.4, (0.1, 1.6, 2.0))": -101.7671890258789,
    "(2, 1.6, (0.1, 1.6, 2.0))": -101.63884735107422,
    "(2, 1.8, (0.1, 1.6, 2.0))": -101.40147399902344,
    "(2, 2.0, (0.1, 1.6, 2.0))": -101.28781127929688,
    "(2, 0.2, (0.1, 2.0, 2.0))": -102.7564468383789,
    "(2, 0.4, (0.1, 2.0, 2.0))": -102.45183563232422,
    "(2, 0.6, (0.1, 2.0, 2.0))": -102.22801208496094,
    "(2, 0.8, (0.1, 2.0, 2.0))": -101.86952209472656,
    "(2, 1.0, (0.1, 2.0, 2.0))": -101.69779968261719,
    "(2, 1.2, (0.1, 2.0, 2.0))": -101.54977416992188,
    "(2, 1.4, (0.1, 2.0, 2.0))": -101.39137268066406,
    "(2, 1.6, (0.1, 2.0, 2.0))": -101.19498443603516,
    "(2, 1.8, (0.1, 2.0, 2.0))": -101.0903549194336,
    "(2, 2.0, (0.1, 2.0, 2.0))": -101.19295501708984,
    "(2, 0.2, (0.1, 2.4, 2.0))": -102.85960388183594,
    "(2, 0.4, (0.1, 2.4, 2.0))": -102.42616271972656,
    "(2, 0.6, (0.1, 2.4, 2.0))": -102.10470581054688,
    "(2, 0.8, (0.1, 2.4, 2.0))": -101.96082305908203,
    "(2, 1.0, (0.1, 2.4, 2.0))": -101.78123474121094,
    "(2, 1.2, (0.1, 2.4, 2.0))": -101.4909439086914,
    "(2, 1.4, (0.1, 2.4, 2.0))": -101.16060638427734,
    "(2, 1.6, (0.1, 2.4, 2.0))": -101.1673355102539,
    "(2, 1.8, (0.1, 2.4, 2.0))": -101.0146484375,
    "(2, 2.0, (0.1, 2.4, 2.0))": -100.87626647949219,
    "(2, 0.2, (0.1, 2.8, 2.0))": -102.66381072998047,
    "(2, 0.4, (0.1, 2.8, 2.0))": -102.42411804199219,
    "(2, 0.6, (0.1, 2.8, 2.0))": -102.21363830566406,
    "(2, 0.8, (0.1, 2.8, 2.0))": -101.99507904052734,
    "(2, 1.0, (0.1, 2.8, 2.0))": -101.63751220703125,
    "(2, 1.2, (0.1, 2.8, 2.0))": -101.33768463134766,
    "(2, 1.4, (0.1, 2.8, 2.0))": -101.03035736083984,
    "(2, 1.6, (0.1, 2.8, 2.0))": -100.85600280761719,
    "(2, 1.8, (0.1, 2.8, 2.0))": -100.63768005371094,
    "(2, 2.0, (0.1, 2.8, 2.0))": -100.258056640625,
    "(2, 0.2, (0.1, 3.2, 2.0))": -102.64912414550781,
    "(2, 0.4, (0.1, 3.2, 2.0))": -102.33340454101562,
    "(2, 0.6, (0.1, 3.2, 2.0))": -102.04642486572266,
    "(2, 0.8, (0.1, 3.2, 2.0))": -101.88348388671875,
    "(2, 1.0, (0.1, 3.2, 2.0))": -101.48760223388672,
    "(2, 1.2, (0.1, 3.2, 2.0))": -101.16312408447266,
    "(2, 1.4, (0.1, 3.2, 2.0))": -100.78280639648438,
    "(2, 1.6, (0.1, 3.2, 2.0))": -100.51419067382812,
    "(2, 1.8, (0.1, 3.2, 2.0))": -100.15065002441406,
    "(2, 2.0, (0.1, 3.2, 2.0))": -100.08911895751953,
    "(2, 0.2, (0.1, 3.6, 2.0))": -102.53120422363281,
    "(2, 0.4, (0.1, 3.6, 2.0))": -102.27935791015625,
    "(2, 0.6, (0.1, 3.6, 2.0))": -101.96601104736328,
    "(2, 0.8, (0.1, 3.6, 2.0))": -101.66026306152344,
    "(2, 1.0, (0.1, 3.6, 2.0))": -101.57331848144531,
    "(2, 1.2, (0.1, 3.6, 2.0))": -101.02595520019531,
    "(2, 1.4, (0.1, 3.6, 2.0))": -100.65575408935547,
    "(2, 1.6, (0.1, 3.6, 2.0))": -100.11461639404297,
    "(2, 1.8, (0.1, 3.6, 2.0))": -99.89656829833984,
    "(2, 2.0, (0.1, 3.6, 2.0))": -99.6948471069336,
    "(2, 0.2, (0.1, 4.0, 2.0))": -102.41952514648438,
    "(2, 0.4, (0.1, 4.0, 2.0))": -102.23519897460938,
    "(2, 0.6, (0.1, 4.0, 2.0))": -101.83544921875,
    "(2, 0.8, (0.1, 4.0, 2.0))": -101.59339904785156,
    "(2, 1.0, (0.1, 4.0, 2.0))": -101.36129760742188,
    "(2, 1.2, (0.1, 4.0, 2.0))": -100.72325897216797,
    "(2, 1.4, (0.1, 4.0, 2.0))": -100.415283203125,
    "(2, 1.6, (0.1, 4.0, 2.0))": -100.12824249267578,
    "(2, 1.8, (0.1, 4.0, 2.0))": -99.99530029296875,
    "(2, 2.0, (0.1, 4.0, 2.0))": -99.474609375,
    "(2, 0.2, (0.1, 4.4, 2.0))": -102.5806655883789,
    "(2, 0.4, (0.1, 4.4, 2.0))": -102.17913055419922,
    "(2, 0.6, (0.1, 4.4, 2.0))": -101.77967834472656,
    "(2, 0.8, (0.1, 4.4, 2.0))": -101.69493865966797,
    "(2, 1.0, (0.1, 4.4, 2.0))": -101.13459014892578,
    "(2, 1.2, (0.1, 4.4, 2.0))": -100.61006164550781,
    "(2, 1.4, (0.1, 4.4, 2.0))": -100.2683334350586,
    "(2, 1.6, (0.1, 4.4, 2.0))": -99.84557342529297,
    "(2, 1.8, (0.1, 4.4, 2.0))": -99.54833221435547,
    "(2, 2.0, (0.1, 4.4, 2.0))": -99.27140808105469,
    "(2, 0.2, (0.1, 4.8, 2.0))": -102.49093627929688,
    "(2, 0.4, (0.1, 4.8, 2.0))": -102.09950256347656,
    "(2, 0.6, (0.1, 4.8, 2.0))": -101.68899536132812,
    "(2, 0.8, (0.1, 4.8, 2.0))": -101.42572784423828,
    "(2, 1.0, (0.1, 4.8, 2.0))": -101.12605285644531,
    "(2, 1.2, (0.1, 4.8, 2.0))": -100.4694595336914,
    "(2, 1.4, (0.1, 4.8, 2.0))": -99.90353393554688,
    "(2, 1.6, (0.1, 4.8, 2.0))": -99.62599182128906,
    "(2, 1.8, (0.1, 4.8, 2.0))": -99.52162170410156,
    "(2, 2.0, (0.1, 4.8, 2.0))": -99.1554183959961,
    "(2, 0.2, (0.1, 5.2, 2.0))": -102.6447525024414,
    "(2, 0.4, (0.1, 5.2, 2.0))": -102.15023803710938,
    "(2, 0.6, (0.1, 5.2, 2.0))": -101.8801040649414,
    "(2, 0.8, (0.1, 5.2, 2.0))": -101.46495819091797,
    "(2, 1.0, (0.1, 5.2, 2.0))": -101.11781311035156,
    "(2, 1.2, (0.1, 5.2, 2.0))": -100.55953216552734,
    "(2, 1.4, (0.1, 5.2, 2.0))": -99.87112426757812,
    "(2, 1.6, (0.1, 5.2, 2.0))": -99.53379821777344,
    "(2, 1.8, (0.1, 5.2, 2.0))": -99.24578857421875,
    "(2, 2.0, (0.1, 5.2, 2.0))": -98.90419006347656,
    "(2, 0.2, (0.1, 5.6, 2.0))": -102.48493194580078,
    "(2, 0.4, (0.1, 5.6, 2.0))": -102.06546783447266,
    "(2, 0.6, (0.1, 5.6, 2.0))": -101.81159973144531,
    "(2, 0.8, (0.1, 5.6, 2.0))": -101.4683609008789,
    "(2, 1.0, (0.1, 5.6, 2.0))": -101.03765869140625,
    "(2, 1.2, (0.1, 5.6, 2.0))": -100.36234283447266,
    "(2, 1.4, (0.1, 5.6, 2.0))": -99.63909912109375,
    "(2, 1.6, (0.1, 5.6, 2.0))": -99.338134765625,
    "(2, 1.8, (0.1, 5.6, 2.0))": -99.00991821289062,
    "(2, 2.0, (0.1, 5.6, 2.0))": -98.7545166015625,
    "(2, 0.2, (0.1, 6.0, 2.0))": -102.63849639892578,
    "(2, 0.4, (0.1, 6.0, 2.0))": -102.13398742675781,
    "(2, 0.6, (0.1, 6.0, 2.0))": -101.70490264892578,
    "(2, 0.8, (0.1, 6.0, 2.0))": -101.32388305664062,
    "(2, 1.0, (0.1, 6.0, 2.0))": -100.6670913696289,
    "(2, 1.2, (0.1, 6.0, 2.0))": -100.16497802734375,
    "(2, 1.4, (0.1, 6.0, 2.0))": -99.66886138916016,
    "(2, 1.6, (0.1, 6.0, 2.0))": -99.40254974365234,
    "(2, 1.8, (0.1, 6.0, 2.0))": -99.03530883789062,