{
    "(2, 0.2, (0.1, 0.4, 2.0))": -102.65272521972656,
    "(2, 0.4, (0.1, 0.4, 2.0))": -102.49752044677734,
    "(2, 0.6, (0.1, 0.4, 2.0))": -102.4040756225586,
    "(2, 0.8, (0.1, 0.4, 2.0))": -102.31803131103516,
    "(2, 1.0, (0.1, 0.4, 2.0))": -102.0831527709961,
    "(2, 1.2, (0.1, 0.4, 2.0))": -101.89508056640625,
    "(2, 1.4, (0.1, 0.4, 2.0))": -101.63825988769531,
    "(2, 1.6, (0.1, 0.4, 2.0))": -101.70828247070312,
    "(2, 1.8, (0.1, 0.4, 2.0))": -101.72786712646484,
    "(2, 2.0, (0.1, 0.4, 2.0))": -101.3707046508789,
    "(2, 0.2, (0.1, 0.8, 2.0))": -102.33189392089844,
    "(2, 0.4, (0.1, 0.8, 2.0))": -101.94164276123047,
    "(2, 0.6, (0.1, 0.8, 2.0))": -102.02043914794922,
    "(2, 0.8, (0.1, 0.8, 2.0))": -101.75678253173828,
    "(2, 1.0, (0.1, 0.8, 2.0))": -101.90100860595703,
    "(2, 1.2, (0.1, 0.8, 2.0))": -101.59370422363281,
    "(2, 1.4, (0.1, 0.8, 2.0))": -101.51721954345703,
    "(2, 1.6, (0.1, 0.8, 2.0))": -100.93465423583984,
    "(2, 1.8, (0.1, 0.8, 2.0))": -100.69779968261719,
    "(2, 2.0, (0.1, 0.8, 2.0))": -100.7869873046875,
    "(2, 0.2, (0.1, 1.2, 2.0))": -101.98682403564453,
    "(2, 0.4, (0.1, 1.2, 2.0))": -101.81048583984375,
    "(2, 0.6, (0.1, 1.2, 2.0))": -101.56586456298828,
    "(2, 0.8, (0.1, 1.2, 2.0))": -101.96522521972656,
    "(2, 1.0, (0.1, 1.2, 2.0))": -101.36345672607422,
    "(2, 1.2, (0.1, 1.2, 2.0))": -101.06278228759766,
    "(2, 1.4, (0.1, 1.2, 2.0))": -100.95540618896484,
    "(2, 1.6, (0.1, 1.2, 2.0))": -100.26512908935547,
    "(2, 1.8, (0.1, 1.2, 2.0))": -100.27135467529297,
    "(2, 2.0, (0.1, 1.2, 2.0))": -100.1594009399414,
    "(2, 0.2, (0.1, 1.6, 2.0))": -102.50572967529297,
    "(2, 0.4, (0.1, 1.6, 2.0))": -102.23979949951172,
    "(2, 0.6, (0.1, 1.6, 2.0))": -101.47254943847656,
    "(2, 0.8, (0.1, 1.6, 2.0))": -101.3248519897461,
    "(2, 1.0, (0.1, 1.6, 2.0))": -101.14180755615234,
    "(2, 1.2, (0.1, 1.6, 2.0))": -100.86922454833984,
    "(2, 1.4, (0.1, 1.6, 2.0))": -100.33893585205078,
    "(2, 1.6, (0.1, 1.6, 2.0))": -99.99444580078125,
    "(2, 1.8, (0.1, 1.6, 2.0))": -100.17452239990234,
    "(2, 2.0, (0.1, 1.6, 2.0))": -99.76798248291016,
    "(2, 0.2, (0.1, 2.0, 2.0))": -102.2605209350586,
    "(2, 0.4, (0.1, 2.0, 2.0))": -101.44841003417969,
    "(2, 0.6, (0.1, 2.0, 2.0))": -101.16148376464844,
    "(2, 0.8, (0.1, 2.0, 2.0))": -100.670654296875,
    "(2, 1.0, (0.1, 2.0, 2.0))": -101.1397705078125,
    "(2, 1.2, (0.1, 2.0, 2.0))": -100.51765441894531,
    "(2, 1.4, (0.1, 2.0, 2.0))": -100.39920806884766,
    "(2, 1.6, (0.1, 2.0, 2.0))": -100.06832122802734,
    "(2, 1.8, (0.1, 2.0, 2.0))": -98.93299865722656,
    "(2, 2.0, (0.1, 2.0, 2.0))": -99.83887481689453,
    "(2, 0.2, (0.1, 2.4, 2.0))": -102.08187866210938,
    "(2, 0.4, (0.1, 2.4, 2.0))": -101.71530151367188,
    "(2, 0.6, (0.1, 2.4, 2.0))": -100.55840301513672,
    "(2, 0.8, (0.1, 2.4, 2.0))": -101.01677703857422,
    "(2, 1.0, (0.1, 2.4, 2.0))": -100.71463012695312,
    "(2, 1.2, (0.1, 2.4, 2.0))": -100.05088806152344,
    "(2, 1.4, (0.1, 2.4, 2.0))": -100.07282257080078,
    "(2, 1.6, (0.1, 2.4, 2.0))": -99.43783569335938,
    "(2, 1.8, (0.1, 2.4, 2.0))": -99.29523468017578,
    "(2, 2.0, (0.1, 2.4, 2.0))": -99.16981506347656,
    "(2, 0.2, (0.1, 2.8, 2.0))": -102.43708801269531,
    "(2, 0.4, (0.1, 2.8, 2.0))": -101.54605865478516,
    "(2, 0.6, (0.1, 2.8, 2.0))": -100.85977172851562,
    "(2, 0.8, (0.1, 2.8, 2.0))": -101.19699096679688,
    "(2, 1.0, (0.1, 2.8, 2.0))": -100.4102783203125,
    "(2, 1.2, (0.1, 2.8, 2.0))": -100.2036361694336,
    "(2, 1.4, (0.1, 2.8, 2.0))": -100.0660171508789,
    "(2, 1.6, (0.1, 2.8, 2.0))": -99.0025634765625,
    "(2, 1.8, (0.1, 2.8, 2.0))": -98.84688568115234,
    "(2, 2.0, (0.1, 2.8, 2.0))": -98.530029296875,
    "(2, 0.2, (0.1, 3.2, 2.0))": -101.91177368164062,
    "(2, 0.4, (0.1, 3.2, 2.0))": -101.27709197998047,
    "(2, 0.6, (0.1, 3.2, 2.0))": -101.19813537597656,
    "(2, 0.8, (0.1, 3.2, 2.0))": -100.25227355957031,
    "(2, 1.0, (0.1, 3.2, 2.0))": -100.46759796142578,
    "(2, 1.2, (0.1, 3.2, 2.0))": -100.30615234375,
    "(2, 1.4, (0.1, 3.2, 2.0))": -99.458251953125,
    "(2, 1.6, (0.1, 3.2, 2.0))": -99.37200927734375,
    "(2, 1.8, (0.1, 3.2, 2.0))": -98.65032196044922,
    "(2, 2.0, (0.1, 3.2, 2.0))": -98.40219116210938,
    "(2, 0.2, (0.1, 3.6, 2.0))": -101.8970947265625,
    "(2, 0.4, (0.1, 3.6, 2.0))": -101.3834228515625,
    "(2, 0.6, (0.1, 3.6, 2.0))": -101.46028900146484,
    "(2, 0.8, (0.1, 3.6, 2.0))": -100.74083709716797,
    "(2, 1.0, (0.1, 3.6, 2.0))": -100.055908203125,
    "(2, 1.2, (0.1, 3.6, 2.0))": -99.34213256835938,
    "(2, 1.4, (0.1, 3.6, 2.0))": -99.09162902832031,
    "(2, 1.6, (0.1, 3.6, 2.0))": -98.90717315673828,
    "(2, 1.8, (0.1, 3.6, 2.0))": -98.3368148803711,
    "(2, 2.0, (0.1, 3.6, 2.0))": -98.22245788574219,
    "(2, 0.2, (0.1, 4.0, 2.0))": -101.73237609863281,
    "(2, 0.4, (0.1, 4.0, 2.0))": -101.32181549072266,
    "(2, 0.6, (0.1, 4.0, 2.0))": -101.01744079589844,
    "(2, 0.8, (0.1, 4.0, 2.0))": -100.95195007324219,
    "(2, 1.0, (0.1, 4.0, 2.0))": -100.55546569824219,
    "(2, 1.2, (0.1, 4.0, 2.0))": -99.55880737304688,
    "(2, 1.4, (0.1, 4.0, 2.0))": -99.09203338623047,
    "(2, 1.6, (0.1, 4.0, 2.0))": -98.65996551513672,
    "(2, 1.8, (0.1, 4.0, 2.0))": -98.63814544677734,
    "(2, 2.0, (0.1, 4.0, 2.0))": -98.20458221435547,
    "(2, 0.2, (0.1, 4.4, 2.0))": -101.73888397216797,
    "(2, 0.4, (0.1, 4.4, 2.0))": -101.29168701171875,
    "(2, 0.6, (0.1, 4.4, 2.0))": -100.7463607788086,
    "(2, 0.8, (0.1, 4.4, 2.0))": -100.17521667480469,
    "(2, 1.0, (0.1, 4.4, 2.0))": -99.441650390625,
    "(2, 1.2, (0.1, 4.4, 2.0))": -99.30261993408203,
    "(2, 1.4, (0.1, 4.4, 2.0))": -98.46552276611328,
    "(2, 1.6, (0.1, 4.4, 2.0))": -98.33442687988281,
    "(2, 1.8, (0.1, 4.4, 2.0))": -97.6849594116211,
    "(2, 2.0, (0.1, 4.4, 2.0))": -97.30004119873047,
    "(2, 0.2, (0.1, 4.8, 2.0))": -102.17784118652344,
    "(2, 0.4, (0.1, 4.8, 2.0))": -100.94239807128906,
    "(2, 0.6, (0.1, 4.8, 2.0))": -100.38570404052734,
    "(2, 0.8, (0.1, 4.8, 2.0))": -99.88078308105469,
    "(2, 1.0, (0.1, 4.8, 2.0))": -99.16507720947266,
    "(2, 1.2, (0.1, 4.8, 2.0))": -98.981201171875,
    "(2, 1.4, (0.1, 4.8, 2.0))": -98.3194580078125,
    "(2, 1.6, (0.1, 4.8, 2.0))": -97.47296905517578,
    "(2, 1.8, (0.1, 4.8, 2.0))": -97.4311752319336,
    "(2, 2.0, (0.1, 4.8, 2.0))": -96.08797454833984,
    "(2, 0.2, (0.1, 5.2, 2.0))": -101.46379852294922,
    "(2, 0.4, (0.1, 5.2, 2.0))": -101.01428985595703,
    "(2, 0.6, (0.1, 5.2, 2.0))": -100.5910415649414,
    "(2, 0.8, (0.1, 5.2, 2.0))": -99.84619140625,
    "(2, 1.0, (0.1, 5.2, 2.0))": -99.1043930053711,
    "(2, 1.2, (0.1, 5.2, 2.0))": -98.61666107177734,
    "(2, 1.4, (0.1, 5.2, 2.0))": -98.40088653564453,
    "(2, 1.6, (0.1, 5.2, 2.0))": -97.68012237548828,
    "(2, 1.8, (0.1, 5.2, 2.0))": -97.40715026855469,
    "(2, 2.0, (0.1, 5.2, 2.0))": -97.06979370117188,
    "(2, 0.2, (0.1, 5.6, 2.0))": -101.59178161621094,
    "(2, 0.4, (0.1, 5.6, 2.0))": -100.76888275146484,
    "(2, 0.6, (0.1, 5.6, 2.0))": -99.90642547607422,
    "(2, 0.8, (0.1, 5.6, 2.0))": -100.02531433105469,
    "(2, 1.0, (0.1, 5.6, 2.0))": -98.86629486083984,
    "(2, 1.2, (0.1, 5.6, 2.0))": -98.42900085449219,
    "(2, 1.4, (0.1, 5.6, 2.0))": -97.7416000366211,
    "(2, 1.6, (0.1, 5.6, 2.0))": -96.98825073242188,
    "(2, 1.8, (0.1, 5.6, 2.0))": -96.17311096191406,
    "(2, 2.0, (0.1, 5.6, 2.0))": -96.9985122680664,
    "(2, 0.2, (0.1, 6.0, 2.0))": -101.9481430053711,
    "(2, 0.4, (0.1, 6.0, 2.0))": -100.74478912353516,
    "(2, 0.6, (0.1, 6.0, 2.0))": -100.2300033569336,
    "(2, 0.8, (0.1, 6.0, 2.0))": -99.71741485595703,
    "(2, 1.0, (0.1, 6.0, 2.0))": -99.3758316040039,
    "(2, 1.2, (0.1, 6.0, 2.0))": -98.46888732910156,
    "(2, 1.4, (0.1, 6.0, 2.0))": -97.9758071899414,
    "(2, 1.6, (0.1, 6.0, 2.0))": -97.71237182617188,
    "(2, 1.8, (0.1, 6.0, 2.0))": -96.98963928222656,
    "(2, 2.0, (0.1, 6.0, 2.0))": -96.87401580810547,