{
    "(2, 0.2, (0.1, 0.4, 2.0))": -102.0446548461914,
    "(2, 0.4, (0.1, 0.4, 2.0))": -100.68379974365234,
    "(2, 0.6, (0.1, 0.4, 2.0))": -99.5743637084961,
    "(2, 0.8, (0.1, 0.4, 2.0))": -99.32894897460938,
    "(2, 1.0, (0.1, 0.4, 2.0))": -98.57160186767578,
    "(2, 1.2, (0.1, 0.4, 2.0))": -98.52825164794922,
    "(2, 1.4, (0.1, 0.4, 2.0))": -97.35134887695312,
    "(2, 1.6, (0.1, 0.4, 2.0))": -97.2250747680664,
    "(2, 1.8, (0.1, 0.4, 2.0))": -96.609619140625,
    "(2, 2.0, (0.1, 0.4, 2.0))": -95.92118835449219,
    "(2, 0.2, (0.1, 0.8, 2.0))": -101.2531967163086,
    "(2, 0.4, (0.1, 0.8, 2.0))": -99.93523406982422,
    "(2, 0.6, (0.1, 0.8, 2.0))": -98.48590087890625,
    "(2, 0.8, (0.1, 0.8, 2.0))": -98.02052307128906,
    "(2, 1.0, (0.1, 0.8, 2.0))": -96.82424926757812,
    "(2, 1.2, (0.1, 0.8, 2.0))": -96.16069793701172,
    "(2, 1.4, (0.1, 0.8, 2.0))": -95.101318359375,
    "(2, 1.6, (0.1, 0.8, 2.0))": -93.98243713378906,
    "(2, 1.8, (0.1, 0.8, 2.0))": -93.52144622802734,
    "(2, 2.0, (0.1, 0.8, 2.0))": -92.23517608642578,
    "(2, 0.2, (0.1, 1.2, 2.0))": -100.49504852294922,
    "(2, 0.4, (0.1, 1.2, 2.0))": -98.16564178466797,
    "(2, 0.6, (0.1, 1.2, 2.0))": -96.9603042602539,
    "(2, 0.8, (0.1, 1.2, 2.0))": -96.47479248046875,
    "(2, 1.0, (0.1, 1.2, 2.0))": -95.47852325439453,
    "(2, 1.2, (0.1, 1.2, 2.0))": -94.35665893554688,
    "(2, 1.4, (0.1, 1.2, 2.0))": -92.6755599975586,
    "(2, 1.6, (0.1, 1.2, 2.0))": -92.01504516601562,
    "(2, 1.8, (0.1, 1.2, 2.0))": -91.26768493652344,
    "(2, 2.0, (0.1, 1.2, 2.0))": -90.10013580322266,
    "(2, 0.2, (0.1, 1.6, 2.0))": -100.47676849365234,
    "(2, 0.4, (0.1, 1.6, 2.0))": -98.19210052490234,
    "(2, 0.6, (0.1, 1.6, 2.0))": -97.4572525024414,
    "(2, 0.8, (0.1, 1.6, 2.0))": -94.8504867553711,
    "(2, 1.0, (0.1, 1.6, 2.0))": -93.7894287109375,
    "(2, 1.2, (0.1, 1.6, 2.0))": -92.52027130126953,
    "(2, 1.4, (0.1, 1.6, 2.0))": -91.36486053466797,
    "(2, 1.6, (0.1, 1.6, 2.0))": -90.11846160888672,
    "(2, 1.8, (0.1, 1.6, 2.0))": -89.37625885009766,
    "(2, 2.0, (0.1, 1.6, 2.0))": -88.43255615234375,
    "(2, 0.2, (0.1, 2.0, 2.0))": -99.52578735351562,
    "(2, 0.4, (0.1, 2.0, 2.0))": -97.9393310546875,
    "(2, 0.6, (0.1, 2.0, 2.0))": -95.96537017822266,
    "(2, 0.8, (0.1, 2.0, 2.0))": -94.01545715332031,
    "(2, 1.0, (0.1, 2.0, 2.0))": -93.39790344238281,
    "(2, 1.2, (0.1, 2.0, 2.0))": -91.38871002197266,
    "(2, 1.4, (0.1, 2.0, 2.0))": -90.16095733642578,
    "(2, 1.6, (0.1, 2.0, 2.0))": -88.83259582519531,
    "(2, 1.8, (0.1, 2.0, 2.0))": -88.0866928100586,
    "(2, 2.0, (0.1, 2.0, 2.0))": -86.11005401611328,
    "(2, 0.2, (0.1, 2.4, 2.0))": -98.99398040771484,
    "(2, 0.4, (0.1, 2.4, 2.0))": -97.556884765625,
    "(2, 0.6, (0.1, 2.4, 2.0))": -96.17215728759766,
    "(2, 0.8, (0.1, 2.4, 2.0))": -94.274658203125,
    "(2, 1.0, (0.1, 2.4, 2.0))": -92.5229721069336,
    "(2, 1.2, (0.1, 2.4, 2.0))": -91.26812744140625,
    "(2, 1.4, (0.1, 2.4, 2.0))": -89.49925994873047,
    "(2, 1.6, (0.1, 2.4, 2.0))": -88.27854919433594,
    "(2, 1.8, (0.1, 2.4, 2.0))": -86.56807708740234,
    "(2, 2.0, (0.1, 2.4, 2.0))": -86.03268432617188,
    "(2, 0.2, (0.1, 2.8, 2.0))": -99.15489196777344,
    "(2, 0.4, (0.1, 2.8, 2.0))": -98.05599975585938,
    "(2, 0.6, (0.1, 2.8, 2.0))": -96.4296646118164,
    "(2, 0.8, (0.1, 2.8, 2.0))": -94.9522705078125,
    "(2, 1.0, (0.1, 2.8, 2.0))": -92.90926361083984,
    "(2, 1.2, (0.1, 2.8, 2.0))": -91.82088470458984,
    "(2, 1.4, (0.1, 2.8, 2.0))": -88.89444732666016,
    "(2, 1.6, (0.1, 2.8, 2.0))": -87.5062026977539,
    "(2, 1.8, (0.1, 2.8, 2.0))": -85.72126770019531,
    "(2, 2.0, (0.1, 2.8, 2.0))": -84.54460144042969,
    "(2, 0.2, (0.1, 3.2, 2.0))": -99.053466796875,
    "(2, 0.4, (0.1, 3.2, 2.0))": -98.1316146850586,
    "(2, 0.6, (0.1, 3.2, 2.0))": -96.05611419677734,
    "(2, 0.8, (0.1, 3.2, 2.0))": -94.63851928710938,
    "(2, 1.0, (0.1, 3.2, 2.0))": -93.35393524169922,
    "(2, 1.2, (0.1, 3.2, 2.0))": -90.79826354980469,
    "(2, 1.4, (0.1, 3.2, 2.0))": -89.230712890625,
    "(2, 1.6, (0.1, 3.2, 2.0))": -87.90098571777344,
    "(2, 1.8, (0.1, 3.2, 2.0))": -86.46417999267578,
    "(2, 2.0, (0.1, 3.2, 2.0))": -84.12125396728516,
    "(2, 0.2, (0.1, 3.6, 2.0))": -98.85054779052734,
    "(2, 0.4, (0.1, 3.6, 2.0))": -97.2179946899414,
    "(2, 0.6, (0.1, 3.6, 2.0))": -95.90161895751953,
    "(2, 0.8, (0.1, 3.6, 2.0))": -94.4119873046875,
    "(2, 1.0, (0.1, 3.6, 2.0))": -92.57267761230469,
    "(2, 1.2, (0.1, 3.6, 2.0))": -91.72416687011719,
    "(2, 1.4, (0.1, 3.6, 2.0))": -89.33959197998047,
    "(2, 1.6, (0.1, 3.6, 2.0))": -87.74146270751953,
    "(2, 1.8, (0.1, 3.6, 2.0))": -85.90886688232422,
    "(2, 2.0, (0.1, 3.6, 2.0))": -84.39710998535156,
    "(2, 0.2, (0.1, 4.0, 2.0))": -98.974365234375,
    "(2, 0.4, (0.1, 4.0, 2.0))": -97.48880767822266,
    "(2, 0.6, (0.1, 4.0, 2.0))": -95.74393463134766,
    "(2, 0.8, (0.1, 4.0, 2.0))": -93.90621185302734,
    "(2, 1.0, (0.1, 4.0, 2.0))": -92.54386901855469,
    "(2, 1.2, (0.1, 4.0, 2.0))": -90.59943389892578,
    "(2, 1.4, (0.1, 4.0, 2.0))": -88.78607177734375,
    "(2, 1.6, (0.1, 4.0, 2.0))": -87.3668441772461,
    "(2, 1.8, (0.1, 4.0, 2.0))": -85.65147399902344,
    "(2, 2.0, (0.1, 4.0, 2.0))": -84.27997589111328,
    "(2, 0.2, (0.1, 4.4, 2.0))": -98.4856948852539,
    "(2, 0.4, (0.1, 4.4, 2.0))": -97.20588684082031,
    "(2, 0.6, (0.1, 4.4, 2.0))": -95.14773559570312,
    "(2, 0.8, (0.1, 4.4, 2.0))": -93.33673858642578,
    "(2, 1.0, (0.1, 4.4, 2.0))": -91.4822006225586,
    "(2, 1.2, (0.1, 4.4, 2.0))": -90.11434173583984,
    "(2, 1.4, (0.1, 4.4, 2.0))": -88.41163635253906,
    "(2, 1.6, (0.1, 4.4, 2.0))": -86.45634460449219,
    "(2, 1.8, (0.1, 4.4, 2.0))": -85.0613021850586,
    "(2, 2.0, (0.1, 4.4, 2.0))": -83.50833892822266,
    "(2, 0.2, (0.1, 4.8, 2.0))": -99.00721740722656,
    "(2, 0.4, (0.1, 4.8, 2.0))": -95.90733337402344,
    "(2, 0.6, (0.1, 4.8, 2.0))": -94.63716888427734,
    "(2, 0.8, (0.1, 4.8, 2.0))": -92.77072143554688,
    "(2, 1.0, (0.1, 4.8, 2.0))": -91.26719665527344,
    "(2, 1.2, (0.1, 4.8, 2.0))": -88.87210845947266,
    "(2, 1.4, (0.1, 4.8, 2.0))": -87.62985229492188,
    "(2, 1.6, (0.1, 4.8, 2.0))": -86.40554809570312,
    "(2, 1.8, (0.1, 4.8, 2.0))": -84.93140411376953,
    "(2, 2.0, (0.1, 4.8, 2.0))": -83.6620101928711,
    "(2, 0.2, (0.1, 5.2, 2.0))": -97.96273040771484,
    "(2, 0.4, (0.1, 5.2, 2.0))": -95.49571228027344,
    "(2, 0.6, (0.1, 5.2, 2.0))": -93.39701080322266,
    "(2, 0.8, (0.1, 5.2, 2.0))": -92.01832580566406,
    "(2, 1.0, (0.1, 5.2, 2.0))": -90.47781372070312,
    "(2, 1.2, (0.1, 5.2, 2.0))": -88.37266540527344,
    "(2, 1.4, (0.1, 5.2, 2.0))": -86.54901123046875,
    "(2, 1.6, (0.1, 5.2, 2.0))": -86.0357437133789,
    "(2, 1.8, (0.1, 5.2, 2.0))": -84.6760025024414,
    "(2, 2.0, (0.1, 5.2, 2.0))": -83.1392822265625,
    "(2, 0.2, (0.1, 5.6, 2.0))": -98.04287719726562,
    "(2, 0.4, (0.1, 5.6, 2.0))": -95.2434310913086,
    "(2, 0.6, (0.1, 5.6, 2.0))": -92.88780212402344,
    "(2, 0.8, (0.1, 5.6, 2.0))": -91.07028198242188,
    "(2, 1.0, (0.1, 5.6, 2.0))": -89.73648071289062,
    "(2, 1.2, (0.1, 5.6, 2.0))": -87.85964965820312,
    "(2, 1.4, (0.1, 5.6, 2.0))": -86.59769439697266,
    "(2, 1.6, (0.1, 5.6, 2.0))": -85.3708724975586,
    "(2, 1.8, (0.1, 5.6, 2.0))": -83.792236328125,
    "(2, 2.0, (0.1, 5.6, 2.0))": -82.78045654296875,
    "(2, 0.2, (0.1, 6.0, 2.0))": -98.36685943603516,
    "(2, 0.4, (0.1, 6.0, 2.0))": -94.25205993652344,
    "(2, 0.6, (0.1, 6.0, 2.0))": -92.44609832763672,
    "(2, 0.8, (0.1, 6.0, 2.0))": -91.48483276367188,
    "(2, 1.0, (0.1, 6.0, 2.0))": -89.00483703613281,
    "(2, 1.2, (0.1, 6.0, 2.0))": -87.23219299316406,
    "(2, 1.4, (0.1, 6.0, 2.0))": -85.7998046875,
    "(2, 1.6, (0.1, 6.0, 2.0))": -85.1541976928711,
    "(2, 1.8, (0.1, 6.0, 2.0))": -83.63046264648438,
    "(2, 2.0, (0.1, 6.0, 2.0))": -82.5230941772461,
    "(2, 0.2, (0.1, 6.4, 2.0))": -99.01558685302734,