{
    "(2, 0.2, (0.1, 0.4, 2.0))": 94.810546875,
    "(2, 0.4, (0.1, 0.4, 2.0))": 94.97528839111328,
    "(2, 0.6, (0.1, 0.4, 2.0))": 95.38714599609375,
    "(2, 0.8, (0.1, 0.4, 2.0))": 95.46952056884766,
    "(2, 1.0, (0.1, 0.4, 2.0))": 95.30477905273438,
    "(2, 1.2, (0.1, 0.4, 2.0))": 95.63426971435547,
    "(2, 1.4, (0.1, 0.4, 2.0))": 96.12850189208984,
    "(2, 1.6, (0.1, 0.4, 2.0))": 95.71663665771484,
    "(2, 1.8, (0.1, 0.4, 2.0))": 95.88138580322266,
    "(2, 2.0, (0.1, 0.4, 2.0))": 96.12850189208984,
    "(2, 0.2, (0.1, 0.8, 2.0))": 94.810546875,
    "(2, 0.4, (0.1, 0.8, 2.0))": 95.38714599609375,
    "(2, 0.6, (0.1, 0.8, 2.0))": 95.71663665771484,
    "(2, 0.8, (0.1, 0.8, 2.0))": 96.12850189208984,
    "(2, 1.0, (0.1, 0.8, 2.0))": 96.12850189208984,
    "(2, 1.2, (0.1, 0.8, 2.0))": 96.29324340820312,
    "(2, 1.4, (0.1, 0.8, 2.0))": 96.7874755859375,
    "(2, 1.6, (0.1, 0.8, 2.0))": 96.62273406982422,
    "(2, 1.8, (0.1, 0.8, 2.0))": 96.7874755859375,
    "(2, 2.0, (0.1, 0.8, 2.0))": 96.8698501586914,
    "(2, 0.2, (0.1, 1.2, 2.0))": 95.30477905273438,
    "(2, 0.4, (0.1, 1.2, 2.0))": 95.71663665771484,
    "(2, 0.6, (0.1, 1.2, 2.0))": 96.12850189208984,
    "(2, 0.8, (0.1, 1.2, 2.0))": 96.21087646484375,
    "(2, 1.0, (0.1, 1.2, 2.0))": 96.37561798095703,
    "(2, 1.2, (0.1, 1.2, 2.0))": 96.7874755859375,
    "(2, 1.4, (0.1, 1.2, 2.0))": 96.7874755859375,
    "(2, 1.6, (0.1, 1.2, 2.0))": 97.36408233642578,
    "(2, 1.8, (0.1, 1.2, 2.0))": 97.2817153930664,
    "(2, 2.0, (0.1, 1.2, 2.0))": 97.77594757080078,
    "(2, 0.2, (0.1, 1.6, 2.0))": 95.38714599609375,
    "(2, 0.4, (0.1, 1.6, 2.0))": 96.29324340820312,
    "(2, 0.6, (0.1, 1.6, 2.0))": 96.62273406982422,
    "(2, 0.8, (0.1, 1.6, 2.0))": 97.03459930419922,
    "(2, 1.0, (0.1, 1.6, 2.0))": 96.95222473144531,
    "(2, 1.2, (0.1, 1.6, 2.0))": 97.69357299804688,
    "(2, 1.4, (0.1, 1.6, 2.0))": 97.85832214355469,
    "(2, 1.6, (0.1, 1.6, 2.0))": 97.85832214355469,
    "(2, 1.8, (0.1, 1.6, 2.0))": 98.27018737792969,
    "(2, 2.0, (0.1, 1.6, 2.0))": 98.18781280517578,
    "(2, 0.2, (0.1, 2.0, 2.0))": 95.71663665771484,
    "(2, 0.4, (0.1, 2.0, 2.0))": 96.21087646484375,
    "(2, 0.6, (0.1, 2.0, 2.0))": 96.8698501586914,
    "(2, 0.8, (0.1, 2.0, 2.0))": 97.2817153930664,
    "(2, 1.0, (0.1, 2.0, 2.0))": 97.69357299804688,
    "(2, 1.2, (0.1, 2.0, 2.0))": 97.77594757080078,
    "(2, 1.4, (0.1, 2.0, 2.0))": 98.10543823242188,
    "(2, 1.6, (0.1, 2.0, 2.0))": 98.35255432128906,
    "(2, 1.8, (0.1, 2.0, 2.0))": 98.43492126464844,
    "(2, 2.0, (0.1, 2.0, 2.0))": 98.59967041015625,
    "(2, 0.2, (0.1, 2.4, 2.0))": 95.71663665771484,
    "(2, 0.4, (0.1, 2.4, 2.0))": 95.96376037597656,
    "(2, 0.6, (0.1, 2.4, 2.0))": 96.37561798095703,
    "(2, 0.8, (0.1, 2.4, 2.0))": 96.70510864257812,
    "(2, 1.0, (0.1, 2.4, 2.0))": 97.36408233642578,
    "(2, 1.2, (0.1, 2.4, 2.0))": 97.61119842529297,
    "(2, 1.4, (0.1, 2.4, 2.0))": 97.94068908691406,
    "(2, 1.6, (0.1, 2.4, 2.0))": 98.10543823242188,
    "(2, 1.8, (0.1, 2.4, 2.0))": 98.43492126464844,
    "(2, 2.0, (0.1, 2.4, 2.0))": 98.59967041015625,
    "(2, 0.2, (0.1, 2.8, 2.0))": 95.88138580322266,
    "(2, 0.4, (0.1, 2.8, 2.0))": 96.12850189208984,
    "(2, 0.6, (0.1, 2.8, 2.0))": 96.62273406982422,
    "(2, 0.8, (0.1, 2.8, 2.0))": 97.03459930419922,
    "(2, 1.0, (0.1, 2.8, 2.0))": 97.1993408203125,
    "(2, 1.2, (0.1, 2.8, 2.0))": 97.94068908691406,
    "(2, 1.4, (0.1, 2.8, 2.0))": 97.77594757080078,
    "(2, 1.6, (0.1, 2.8, 2.0))": 98.59967041015625,
    "(2, 1.8, (0.1, 2.8, 2.0))": 98.84678649902344,
    "(2, 2.0, (0.1, 2.8, 2.0))": 98.84678649902344,
    "(2, 0.2, (0.1, 3.2, 2.0))": 95.55189514160156,
    "(2, 0.4, (0.1, 3.2, 2.0))": 96.04612731933594,
    "(2, 0.6, (0.1, 3.2, 2.0))": 96.29324340820312,
    "(2, 0.8, (0.1, 3.2, 2.0))": 96.8698501586914,
    "(2, 1.0, (0.1, 3.2, 2.0))": 97.11697387695312,
    "(2, 1.2, (0.1, 3.2, 2.0))": 97.77594757080078,
    "(2, 1.4, (0.1, 3.2, 2.0))": 98.02306365966797,
    "(2, 1.6, (0.1, 3.2, 2.0))": 98.10543823242188,
    "(2, 1.8, (0.1, 3.2, 2.0))": 98.59967041015625,
    "(2, 2.0, (0.1, 3.2, 2.0))": 98.84678649902344,
    "(2, 0.2, (0.1, 3.6, 2.0))": 95.79901123046875,
    "(2, 0.4, (0.1, 3.6, 2.0))": 96.04612731933594,
    "(2, 0.6, (0.1, 3.6, 2.0))": 96.70510864257812,
    "(2, 0.8, (0.1, 3.6, 2.0))": 96.62273406982422,
    "(2, 1.0, (0.1, 3.6, 2.0))": 97.1993408203125,
    "(2, 1.2, (0.1, 3.6, 2.0))": 97.44645690917969,
    "(2, 1.4, (0.1, 3.6, 2.0))": 97.77594757080078,
    "(2, 1.6, (0.1, 3.6, 2.0))": 98.10543823242188,
    "(2, 1.8, (0.1, 3.6, 2.0))": 98.43492126464844,
    "(2, 2.0, (0.1, 3.6, 2.0))": 98.59967041015625,
    "(2, 0.2, (0.1, 4.0, 2.0))": 95.63426971435547,
    "(2, 0.4, (0.1, 4.0, 2.0))": 96.04612731933594,
    "(2, 0.6, (0.1, 4.0, 2.0))": 96.4579849243164,
    "(2, 0.8, (0.1, 4.0, 2.0))": 96.95222473144531,
    "(2, 1.0, (0.1, 4.0, 2.0))": 96.95222473144531,
    "(2, 1.2, (0.1, 4.0, 2.0))": 97.2817153930664,
    "(2, 1.4, (0.1, 4.0, 2.0))": 97.69357299804688,
    "(2, 1.6, (0.1, 4.0, 2.0))": 98.18781280517578,
    "(2, 1.8, (0.1, 4.0, 2.0))": 98.18781280517578,
    "(2, 2.0, (0.1, 4.0, 2.0))": 98.51729583740234,
    "(2, 0.2, (0.1, 4.4, 2.0))": 95.88138580322266,
    "(2, 0.4, (0.1, 4.4, 2.0))": 96.21087646484375,
    "(2, 0.6, (0.1, 4.4, 2.0))": 96.70510864257812,
    "(2, 0.8, (0.1, 4.4, 2.0))": 96.8698501586914,
    "(2, 1.0, (0.1, 4.4, 2.0))": 97.11697387695312,
    "(2, 1.2, (0.1, 4.4, 2.0))": 97.69357299804688,
    "(2, 1.4, (0.1, 4.4, 2.0))": 97.94068908691406,
    "(2, 1.6, (0.1, 4.4, 2.0))": 98.35255432128906,
    "(2, 1.8, (0.1, 4.4, 2.0))": 98.84678649902344,
    "(2, 2.0, (0.1, 4.4, 2.0))": 98.84678649902344,
    "(2, 0.2, (0.1, 4.8, 2.0))": 96.04612731933594,
    "(2, 0.4, (0.1, 4.8, 2.0))": 96.62273406982422,
    "(2, 0.6, (0.1, 4.8, 2.0))": 97.03459930419922,
    "(2, 0.8, (0.1, 4.8, 2.0))": 97.2817153930664,
    "(2, 1.0, (0.1, 4.8, 2.0))": 97.5288314819336,
    "(2, 1.2, (0.1, 4.8, 2.0))": 98.10543823242188,
    "(2, 1.4, (0.1, 4.8, 2.0))": 98.35255432128906,
    "(2, 1.6, (0.1, 4.8, 2.0))": 98.43492126464844,
    "(2, 1.8, (0.1, 4.8, 2.0))": 98.84678649902344,
    "(2, 2.0, (0.1, 4.8, 2.0))": 99.01153564453125,
    "(2, 0.2, (0.1, 5.2, 2.0))": 95.96376037597656,
    "(2, 0.4, (0.1, 5.2, 2.0))": 96.8698501586914,
    "(2, 0.6, (0.1, 5.2, 2.0))": 97.1993408203125,
    "(2, 0.8, (0.1, 5.2, 2.0))": 97.44645690917969,
    "(2, 1.0, (0.1, 5.2, 2.0))": 97.85832214355469,
    "(2, 1.2, (0.1, 5.2, 2.0))": 98.18781280517578,
    "(2, 1.4, (0.1, 5.2, 2.0))": 98.68203735351562,
    "(2, 1.6, (0.1, 5.2, 2.0))": 98.59967041015625,
    "(2, 1.8, (0.1, 5.2, 2.0))": 99.01153564453125,
    "(2, 2.0, (0.1, 5.2, 2.0))": 99.09390258789062,
    "(2, 0.2, (0.1, 5.6, 2.0))": 95.88138580322266,
    "(2, 0.4, (0.1, 5.6, 2.0))": 96.7874755859375,
    "(2, 0.6, (0.1, 5.6, 2.0))": 97.44645690917969,
    "(2, 0.8, (0.1, 5.6, 2.0))": 97.94068908691406,
    "(2, 1.0, (0.1, 5.6, 2.0))": 98.18781280517578,
    "(2, 1.2, (0.1, 5.6, 2.0))": 98.35255432128906,
    "(2, 1.4, (0.1, 5.6, 2.0))": 98.68203735351562,
    "(2, 1.6, (0.1, 5.6, 2.0))": 99.17627716064453,
    "(2, 1.8, (0.1, 5.6, 2.0))": 99.25865173339844,
    "(2, 2.0, (0.1, 5.6, 2.0))": 99.42339324951172,
    "(2, 0.2, (0.1, 6.0, 2.0))": 96.04612731933594,
    "(2, 0.4, (0.1, 6.0, 2.0))": 96.70510864257812,
    "(2, 0.6, (0.1, 6.0, 2.0))": 97.44645690917969,
    "(2, 0.8, (0.1, 6.0, 2.0))": 98.18781280517578,
    "(2, 1.0, (0.1, 6.0, 2.0))": 98.51729583740234,
    "(2, 1.2, (0.1, 6.0, 2.0))": 98.84678649902344,
    "(2, 1.4, (0.1, 6.0, 2.0))": 99.01153564453125,
    "(2, 1.6, (0.1, 6.0, 2.0))": 99.17627716064453,
    "(2, 1.8, (0.1, 6.0, 2.0))": 99.01153564453125,
    "(2, 2.0, (0.1, 6.0, 2.0))": 99.42339324951172,
    "(2, 0.2, (0.1, 6.4, 2.0))": 96.29324340820312,
    "(2, 0.4, (0.1, 6.4, 2.0))": 96.8698501586914,
    "(2, 0.6, (0.1, 6.4, 2.0))": 97.77594757080078,
    "(2, 0.8, (0.1, 6.4, 2.0))": 97.94068908691406,