{
    "(3, 0.2, (0.1, 2.9, 2.0))": -97.8493423461914,
    "(3, 0.4, (0.1, 2.9, 2.0))": -92.58009338378906,
    "(3, 0.6, (0.1, 2.9, 2.0))": -90.74967956542969,
    "(3, 0.8, (0.1, 2.9, 2.0))": -89.50387573242188,
    "(3, 1.0, (0.1, 2.9, 2.0))": -88.40487670898438,
    "(3, 1.2, (0.1, 2.9, 2.0))": -86.6815185546875,
    "(3, 1.4, (0.1, 2.9, 2.0))": -86.38367462158203,
    "(3, 1.6, (0.1, 2.9, 2.0))": -85.36360168457031,
    "(3, 1.8, (0.1, 2.9, 2.0))": -84.86138916015625,
    "(3, 2.0, (0.1, 2.9, 2.0))": -84.26998138427734,
    "(3, 0.2, (0.1, 3.3, 2.0))": -98.34616088867188,
    "(3, 0.4, (0.1, 3.3, 2.0))": -93.35742950439453,
    "(3, 0.6, (0.1, 3.3, 2.0))": -89.60589599609375,
    "(3, 0.8, (0.1, 3.3, 2.0))": -87.48912048339844,
    "(3, 1.0, (0.1, 3.3, 2.0))": -84.58885192871094,
    "(3, 1.2, (0.1, 3.3, 2.0))": -83.31582641601562,
    "(3, 1.4, (0.1, 3.3, 2.0))": -82.74734497070312,
    "(3, 1.6, (0.1, 3.3, 2.0))": -81.9266586303711,
    "(3, 1.8, (0.1, 3.3, 2.0))": -81.6399917602539,
    "(3, 2.0, (0.1, 3.3, 2.0))": -80.96556854248047,
    "(3, 0.2, (0.1, 3.7, 2.0))": -100.17276000976562,
    "(3, 0.4, (0.1, 3.7, 2.0))": -96.69393920898438,
    "(3, 0.6, (0.1, 3.7, 2.0))": -92.93389892578125,
    "(3, 0.8, (0.1, 3.7, 2.0))": -89.76827239990234,
    "(3, 1.0, (0.1, 3.7, 2.0))": -86.79690551757812,
    "(3, 1.2, (0.1, 3.7, 2.0))": -84.28746795654297,
    "(3, 1.4, (0.1, 3.7, 2.0))": -82.50729370117188,
    "(3, 1.6, (0.1, 3.7, 2.0))": -80.28959655761719,
    "(3, 1.8, (0.1, 3.7, 2.0))": -79.73918151855469,
    "(3, 2.0, (0.1, 3.7, 2.0))": -79.2340087890625,
    "(3, 0.2, (0.1, 4.1, 2.0))": -101.51434326171875,
    "(3, 0.4, (0.1, 4.1, 2.0))": -96.80838012695312,
    "(3, 0.6, (0.1, 4.1, 2.0))": -92.40824890136719,
    "(3, 0.8, (0.1, 4.1, 2.0))": -90.25324249267578,
    "(3, 1.0, (0.1, 4.1, 2.0))": -87.74102783203125,
    "(3, 1.2, (0.1, 4.1, 2.0))": -85.13679504394531,
    "(3, 1.4, (0.1, 4.1, 2.0))": -82.95735931396484,
    "(3, 1.6, (0.1, 4.1, 2.0))": -80.59085845947266,
    "(3, 1.8, (0.1, 4.1, 2.0))": -78.80377197265625,
    "(3, 2.0, (0.1, 4.1, 2.0))": -77.02571105957031,
    "(3, 0.2, (0.1, 4.5, 2.0))": -104.0183334350586,
    "(3, 0.4, (0.1, 4.5, 2.0))": -99.3986587524414,
    "(3, 0.6, (0.1, 4.5, 2.0))": -95.56937408447266,
    "(3, 0.8, (0.1, 4.5, 2.0))": -93.6604232788086,
    "(3, 1.0, (0.1, 4.5, 2.0))": -90.8608169555664,
    "(3, 1.2, (0.1, 4.5, 2.0))": -86.2894058227539,
    "(3, 1.4, (0.1, 4.5, 2.0))": -83.14115142822266,
    "(3, 1.6, (0.1, 4.5, 2.0))": -81.9824447631836,
    "(3, 1.8, (0.1, 4.5, 2.0))": -79.70115661621094,
    "(3, 2.0, (0.1, 4.5, 2.0))": -76.58007049560547,
    "(3, 0.2, (0.1, 4.9, 2.0))": -101.20198822021484,
    "(3, 0.4, (0.1, 4.9, 2.0))": -96.91704559326172,
    "(3, 0.6, (0.1, 4.9, 2.0))": -93.13130187988281,
    "(3, 0.8, (0.1, 4.9, 2.0))": -91.21038055419922,
    "(3, 1.0, (0.1, 4.9, 2.0))": -89.8769302368164,
    "(3, 1.2, (0.1, 4.9, 2.0))": -85.98804473876953,
    "(3, 1.4, (0.1, 4.9, 2.0))": -82.87663269042969,
    "(3, 1.6, (0.1, 4.9, 2.0))": -81.86666870117188,
    "(3, 1.8, (0.1, 4.9, 2.0))": -79.6634521484375,
    "(3, 2.0, (0.1, 4.9, 2.0))": -76.99654388427734,
    "(3, 0.2, (0.1, 5.3, 2.0))": -97.50648498535156,
    "(3, 0.4, (0.1, 5.3, 2.0))": -93.51737213134766,
    "(3, 0.6, (0.1, 5.3, 2.0))": -90.71759796142578,
    "(3, 0.8, (0.1, 5.3, 2.0))": -87.81456756591797,
    "(3, 1.0, (0.1, 5.3, 2.0))": -84.763916015625,
    "(3, 1.2, (0.1, 5.3, 2.0))": -82.86327362060547,
    "(3, 1.4, (0.1, 5.3, 2.0))": -80.808349609375,
    "(3, 1.6, (0.1, 5.3, 2.0))": -79.38805389404297,
    "(3, 1.8, (0.1, 5.3, 2.0))": -77.62782287597656,
    "(3, 2.0, (0.1, 5.3, 2.0))": -77.45530700683594,
    "(3, 0.2, (0.1, 5.7, 2.0))": -97.44511413574219,
    "(3, 0.4, (0.1, 5.7, 2.0))": -92.46106719970703,
    "(3, 0.6, (0.1, 5.7, 2.0))": -88.05463409423828,
    "(3, 0.8, (0.1, 5.7, 2.0))": -85.54630279541016,
    "(3, 1.0, (0.1, 5.7, 2.0))": -83.79956817626953,
    "(3, 1.2, (0.1, 5.7, 2.0))": -81.794677734375,
    "(3, 1.4, (0.1, 5.7, 2.0))": -80.9201431274414,
    "(3, 1.6, (0.1, 5.7, 2.0))": -80.3752212524414,
    "(3, 1.8, (0.1, 5.7, 2.0))": -79.66001892089844,
    "(3, 2.0, (0.1, 5.7, 2.0))": -79.41877746582031,
    "(3, 0.2, (0.1, 6.1, 2.0))": -97.05150604248047,
    "(3, 0.4, (0.1, 6.1, 2.0))": -91.72454071044922,
    "(3, 0.6, (0.1, 6.1, 2.0))": -88.85376739501953,
    "(3, 0.8, (0.1, 6.1, 2.0))": -87.45587921142578,
    "(3, 1.0, (0.1, 6.1, 2.0))": -85.98905944824219,
    "(3, 1.2, (0.1, 6.1, 2.0))": -84.91719055175781,
    "(3, 1.4, (0.1, 6.1, 2.0))": -83.99614715576172,
    "(3, 1.6, (0.1, 6.1, 2.0))": -83.15443420410156,
    "(3, 1.8, (0.1, 6.1, 2.0))": -83.1458740234375,
    "(3, 2.0, (0.1, 6.1, 2.0))": -82.35699462890625,
    "(3, 0.2, (0.1, 6.5, 2.0))": -99.29620361328125,
    "(3, 0.4, (0.1, 6.5, 2.0))": -95.048583984375,
    "(3, 0.6, (0.1, 6.5, 2.0))": -91.94974517822266,
    "(3, 0.8, (0.1, 6.5, 2.0))": -90.07875061035156,
    "(3, 1.0, (0.1, 6.5, 2.0))": -89.34374237060547,
    "(3, 1.2, (0.1, 6.5, 2.0))": -87.86509704589844,
    "(3, 1.4, (0.1, 6.5, 2.0))": -87.13993072509766,
    "(3, 1.6, (0.1, 6.5, 2.0))": -86.57133483886719,
    "(3, 1.8, (0.1, 6.5, 2.0))": -85.80215454101562,
    "(3, 2.0, (0.1, 6.5, 2.0))": -84.51045227050781,
    "no_RIS_contribution": -112.58379364013672
}