{
    "(2, 0.2, (0.1, 2.9, 2.0))": 87.44725799560547,
    "(2, 0.4, (0.1, 2.9, 2.0))": 90.61181640625,
    "(2, 0.6, (0.1, 2.9, 2.0))": 92.51055145263672,
    "(2, 0.8, (0.1, 2.9, 2.0))": 93.67088317871094,
    "(2, 1.0, (0.1, 2.9, 2.0))": 94.4092788696289,
    "(2, 1.2, (0.1, 2.9, 2.0))": 95.67510223388672,
    "(2, 1.4, (0.1, 2.9, 2.0))": 95.67510223388672,
    "(2, 1.6, (0.1, 2.9, 2.0))": 95.67510223388672,
    "(2, 1.8, (0.1, 2.9, 2.0))": 95.4641342163086,
    "(2, 2.0, (0.1, 2.9, 2.0))": 95.78059387207031,
    "(2, 0.2, (0.1, 3.3, 2.0))": 87.76371765136719,
    "(2, 0.4, (0.1, 3.3, 2.0))": 89.9789047241211,
    "(2, 0.6, (0.1, 3.3, 2.0))": 92.61603546142578,
    "(2, 0.8, (0.1, 3.3, 2.0))": 93.67088317871094,
    "(2, 1.0, (0.1, 3.3, 2.0))": 95.04219055175781,
    "(2, 1.2, (0.1, 3.3, 2.0))": 96.30801391601562,
    "(2, 1.4, (0.1, 3.3, 2.0))": 97.15190124511719,
    "(2, 1.6, (0.1, 3.3, 2.0))": 97.7848129272461,
    "(2, 1.8, (0.1, 3.3, 2.0))": 97.57383728027344,
    "(2, 2.0, (0.1, 3.3, 2.0))": 98.10126495361328,
    "(2, 0.2, (0.1, 3.7, 2.0))": 88.60759735107422,
    "(2, 0.4, (0.1, 3.7, 2.0))": 90.5063247680664,
    "(2, 0.6, (0.1, 3.7, 2.0))": 92.08860778808594,
    "(2, 0.8, (0.1, 3.7, 2.0))": 93.7763671875,
    "(2, 1.0, (0.1, 3.7, 2.0))": 94.72573852539062,
    "(2, 1.2, (0.1, 3.7, 2.0))": 95.78059387207031,
    "(2, 1.4, (0.1, 3.7, 2.0))": 97.0464096069336,
    "(2, 1.6, (0.1, 3.7, 2.0))": 98.3122329711914,
    "(2, 1.8, (0.1, 3.7, 2.0))": 98.20674896240234,
    "(2, 2.0, (0.1, 3.7, 2.0))": 97.89029693603516,
    "(2, 0.2, (0.1, 4.1, 2.0))": 88.81856536865234,
    "(2, 0.4, (0.1, 4.1, 2.0))": 90.71730041503906,
    "(2, 0.6, (0.1, 4.1, 2.0))": 93.1434555053711,
    "(2, 0.8, (0.1, 4.1, 2.0))": 93.98734283447266,
    "(2, 1.0, (0.1, 4.1, 2.0))": 94.93671417236328,
    "(2, 1.2, (0.1, 4.1, 2.0))": 96.7299575805664,
    "(2, 1.4, (0.1, 4.1, 2.0))": 97.25738525390625,
    "(2, 1.6, (0.1, 4.1, 2.0))": 97.89029693603516,
    "(2, 1.8, (0.1, 4.1, 2.0))": 98.94514465332031,
    "(2, 2.0, (0.1, 4.1, 2.0))": 99.57805633544922,
    "(2, 0.2, (0.1, 4.5, 2.0))": 85.65400695800781,
    "(2, 0.4, (0.1, 4.5, 2.0))": 88.60759735107422,
    "(2, 0.6, (0.1, 4.5, 2.0))": 90.71730041503906,
    "(2, 0.8, (0.1, 4.5, 2.0))": 90.61181640625,
    "(2, 1.0, (0.1, 4.5, 2.0))": 91.87763977050781,
    "(2, 1.2, (0.1, 4.5, 2.0))": 93.98734283447266,
    "(2, 1.4, (0.1, 4.5, 2.0))": 95.88607788085938,
    "(2, 1.6, (0.1, 4.5, 2.0))": 96.41350555419922,
    "(2, 1.8, (0.1, 4.5, 2.0))": 97.89029693603516,
    "(2, 2.0, (0.1, 4.5, 2.0))": 99.68354797363281,
    "(2, 0.2, (0.1, 4.9, 2.0))": 88.18565368652344,
    "(2, 0.4, (0.1, 4.9, 2.0))": 90.08438873291016,
    "(2, 0.6, (0.1, 4.9, 2.0))": 92.72151947021484,
    "(2, 0.8, (0.1, 4.9, 2.0))": 94.4092788696289,
    "(2, 1.0, (0.1, 4.9, 2.0))": 94.72573852539062,
    "(2, 1.2, (0.1, 4.9, 2.0))": 95.99156188964844,
    "(2, 1.4, (0.1, 4.9, 2.0))": 97.15190124511719,
    "(2, 1.6, (0.1, 4.9, 2.0))": 97.57383728027344,
    "(2, 1.8, (0.1, 4.9, 2.0))": 97.7848129272461,
    "(2, 2.0, (0.1, 4.9, 2.0))": 98.62869262695312,
    "(2, 0.2, (0.1, 5.3, 2.0))": 87.76371765136719,
    "(2, 0.4, (0.1, 5.3, 2.0))": 90.5063247680664,
    "(2, 0.6, (0.1, 5.3, 2.0))": 92.2995834350586,
    "(2, 0.8, (0.1, 5.3, 2.0))": 93.56539916992188,
    "(2, 1.0, (0.1, 5.3, 2.0))": 95.1476821899414,
    "(2, 1.2, (0.1, 5.3, 2.0))": 96.0970458984375,
    "(2, 1.4, (0.1, 5.3, 2.0))": 96.83544158935547,
    "(2, 1.6, (0.1, 5.3, 2.0))": 97.25738525390625,
    "(2, 1.8, (0.1, 5.3, 2.0))": 98.20674896240234,
    "(2, 2.0, (0.1, 5.3, 2.0))": 98.417724609375,
    "(2, 0.2, (0.1, 5.7, 2.0))": 88.60759735107422,
    "(2, 0.4, (0.1, 5.7, 2.0))": 91.77214813232422,
    "(2, 0.6, (0.1, 5.7, 2.0))": 93.7763671875,
    "(2, 0.8, (0.1, 5.7, 2.0))": 94.19831085205078,
    "(2, 1.0, (0.1, 5.7, 2.0))": 95.78059387207031,
    "(2, 1.2, (0.1, 5.7, 2.0))": 96.62446594238281,
    "(2, 1.4, (0.1, 5.7, 2.0))": 97.57383728027344,
    "(2, 1.6, (0.1, 5.7, 2.0))": 97.6793212890625,
    "(2, 1.8, (0.1, 5.7, 2.0))": 97.25738525390625,
    "(2, 2.0, (0.1, 5.7, 2.0))": 97.25738525390625,
    "(2, 0.2, (0.1, 6.1, 2.0))": 89.029541015625,
    "(2, 0.4, (0.1, 6.1, 2.0))": 90.82278442382812,
    "(2, 0.6, (0.1, 6.1, 2.0))": 93.03797149658203,
    "(2, 0.8, (0.1, 6.1, 2.0))": 94.93671417236328,
    "(2, 1.0, (0.1, 6.1, 2.0))": 95.4641342163086,
    "(2, 1.2, (0.1, 6.1, 2.0))": 96.2025375366211,
    "(2, 1.4, (0.1, 6.1, 2.0))": 95.78059387207031,
    "(2, 1.6, (0.1, 6.1, 2.0))": 95.88607788085938,
    "(2, 1.8, (0.1, 6.1, 2.0))": 95.78059387207031,
    "(2, 2.0, (0.1, 6.1, 2.0))": 95.56962585449219,
    "(2, 0.2, (0.1, 6.5, 2.0))": 88.71308135986328,
    "(2, 0.4, (0.1, 6.5, 2.0))": 91.2447280883789,
    "(2, 0.6, (0.1, 6.5, 2.0))": 92.08860778808594,
    "(2, 0.8, (0.1, 6.5, 2.0))": 92.2995834350586,
    "(2, 1.0, (0.1, 6.5, 2.0))": 92.93248748779297,
    "(2, 1.2, (0.1, 6.5, 2.0))": 93.03797149658203,
    "(2, 1.4, (0.1, 6.5, 2.0))": 92.93248748779297,
    "(2, 1.6, (0.1, 6.5, 2.0))": 93.03797149658203,
    "(2, 1.8, (0.1, 6.5, 2.0))": 93.1434555053711,
    "(2, 2.0, (0.1, 6.5, 2.0))": 93.24894714355469,
    "no_RIS_contribution": 81.54008483886719
}