{
    "(5, 0.2, (0.1, 2.9, 2.0))": 91.35021209716797,
    "(5, 0.4, (0.1, 2.9, 2.0))": 92.51055145263672,
    "(5, 0.6, (0.1, 2.9, 2.0))": 93.8818588256836,
    "(5, 0.8, (0.1, 2.9, 2.0))": 94.5147705078125,
    "(5, 1.0, (0.1, 2.9, 2.0))": 94.83122253417969,
    "(5, 1.2, (0.1, 2.9, 2.0))": 95.35865020751953,
    "(5, 1.4, (0.1, 2.9, 2.0))": 95.1476821899414,
    "(5, 1.6, (0.1, 2.9, 2.0))": 95.67510223388672,
    "(5, 1.8, (0.1, 2.9, 2.0))": 95.25316619873047,
    "(5, 2.0, (0.1, 2.9, 2.0))": 95.88607788085938,
    "(5, 0.2, (0.1, 3.3, 2.0))": 90.71730041503906,
    "(5, 0.4, (0.1, 3.3, 2.0))": 93.24894714355469,
    "(5, 0.6, (0.1, 3.3, 2.0))": 95.04219055175781,
    "(5, 0.8, (0.1, 3.3, 2.0))": 95.56962585449219,
    "(5, 1.0, (0.1, 3.3, 2.0))": 96.0970458984375,
    "(5, 1.2, (0.1, 3.3, 2.0))": 96.62446594238281,
    "(5, 1.4, (0.1, 3.3, 2.0))": 96.7299575805664,
    "(5, 1.6, (0.1, 3.3, 2.0))": 96.83544158935547,
    "(5, 1.8, (0.1, 3.3, 2.0))": 97.36286926269531,
    "(5, 2.0, (0.1, 3.3, 2.0))": 96.7299575805664,
    "(5, 0.2, (0.1, 3.7, 2.0))": 89.55696105957031,
    "(5, 0.4, (0.1, 3.7, 2.0))": 92.08860778808594,
    "(5, 0.6, (0.1, 3.7, 2.0))": 94.4092788696289,
    "(5, 0.8, (0.1, 3.7, 2.0))": 95.25316619873047,
    "(5, 1.0, (0.1, 3.7, 2.0))": 96.2025375366211,
    "(5, 1.2, (0.1, 3.7, 2.0))": 97.25738525390625,
    "(5, 1.4, (0.1, 3.7, 2.0))": 97.46835327148438,
    "(5, 1.6, (0.1, 3.7, 2.0))": 97.99578094482422,
    "(5, 1.8, (0.1, 3.7, 2.0))": 98.3122329711914,
    "(5, 2.0, (0.1, 3.7, 2.0))": 98.52320861816406,
    "(5, 0.2, (0.1, 4.1, 2.0))": 90.08438873291016,
    "(5, 0.4, (0.1, 4.1, 2.0))": 91.66667175292969,
    "(5, 0.6, (0.1, 4.1, 2.0))": 93.45991516113281,
    "(5, 0.8, (0.1, 4.1, 2.0))": 95.1476821899414,
    "(5, 1.0, (0.1, 4.1, 2.0))": 95.67510223388672,
    "(5, 1.2, (0.1, 4.1, 2.0))": 97.0464096069336,
    "(5, 1.4, (0.1, 4.1, 2.0))": 98.417724609375,
    "(5, 1.6, (0.1, 4.1, 2.0))": 99.15612030029297,
    "(5, 1.8, (0.1, 4.1, 2.0))": 99.3670883178711,
    "(5, 2.0, (0.1, 4.1, 2.0))": 99.89451599121094,
    "(5, 0.2, (0.1, 4.5, 2.0))": 90.71730041503906,
    "(5, 0.4, (0.1, 4.5, 2.0))": 92.61603546142578,
    "(5, 0.6, (0.1, 4.5, 2.0))": 93.8818588256836,
    "(5, 0.8, (0.1, 4.5, 2.0))": 94.83122253417969,
    "(5, 1.0, (0.1, 4.5, 2.0))": 96.41350555419922,
    "(5, 1.2, (0.1, 4.5, 2.0))": 97.7848129272461,
    "(5, 1.4, (0.1, 4.5, 2.0))": 98.417724609375,
    "(5, 1.6, (0.1, 4.5, 2.0))": 99.15612030029297,
    "(5, 1.8, (0.1, 4.5, 2.0))": 99.78903198242188,
    "(5, 2.0, (0.1, 4.5, 2.0))": 99.89451599121094,
    "(5, 0.2, (0.1, 4.9, 2.0))": 89.66244506835938,
    "(5, 0.4, (0.1, 4.9, 2.0))": 93.03797149658203,
    "(5, 0.6, (0.1, 4.9, 2.0))": 94.09282684326172,
    "(5, 0.8, (0.1, 4.9, 2.0))": 94.5147705078125,
    "(5, 1.0, (0.1, 4.9, 2.0))": 95.56962585449219,
    "(5, 1.2, (0.1, 4.9, 2.0))": 96.94092559814453,
    "(5, 1.4, (0.1, 4.9, 2.0))": 97.36286926269531,
    "(5, 1.6, (0.1, 4.9, 2.0))": 97.57383728027344,
    "(5, 1.8, (0.1, 4.9, 2.0))": 99.15612030029297,
    "(5, 2.0, (0.1, 4.9, 2.0))": 99.78903198242188,
    "(5, 0.2, (0.1, 5.3, 2.0))": 90.5063247680664,
    "(5, 0.4, (0.1, 5.3, 2.0))": 92.61603546142578,
    "(5, 0.6, (0.1, 5.3, 2.0))": 93.7763671875,
    "(5, 0.8, (0.1, 5.3, 2.0))": 94.72573852539062,
    "(5, 1.0, (0.1, 5.3, 2.0))": 95.88607788085938,
    "(5, 1.2, (0.1, 5.3, 2.0))": 96.7299575805664,
    "(5, 1.4, (0.1, 5.3, 2.0))": 97.36286926269531,
    "(5, 1.6, (0.1, 5.3, 2.0))": 97.6793212890625,
    "(5, 1.8, (0.1, 5.3, 2.0))": 98.94514465332031,
    "(5, 2.0, (0.1, 5.3, 2.0))": 98.94514465332031,
    "(5, 0.2, (0.1, 5.7, 2.0))": 91.66667175292969,
    "(5, 0.4, (0.1, 5.7, 2.0))": 93.45991516113281,
    "(5, 0.6, (0.1, 5.7, 2.0))": 95.1476821899414,
    "(5, 0.8, (0.1, 5.7, 2.0))": 95.78059387207031,
    "(5, 1.0, (0.1, 5.7, 2.0))": 96.51898956298828,
    "(5, 1.2, (0.1, 5.7, 2.0))": 97.25738525390625,
    "(5, 1.4, (0.1, 5.7, 2.0))": 97.0464096069336,
    "(5, 1.6, (0.1, 5.7, 2.0))": 97.46835327148438,
    "(5, 1.8, (0.1, 5.7, 2.0))": 97.6793212890625,
    "(5, 2.0, (0.1, 5.7, 2.0))": 97.99578094482422,
    "(5, 0.2, (0.1, 6.1, 2.0))": 92.08860778808594,
    "(5, 0.4, (0.1, 6.1, 2.0))": 94.5147705078125,
    "(5, 0.6, (0.1, 6.1, 2.0))": 95.67510223388672,
    "(5, 0.8, (0.1, 6.1, 2.0))": 95.99156188964844,
    "(5, 1.0, (0.1, 6.1, 2.0))": 96.41350555419922,
    "(5, 1.2, (0.1, 6.1, 2.0))": 97.0464096069336,
    "(5, 1.4, (0.1, 6.1, 2.0))": 97.57383728027344,
    "(5, 1.6, (0.1, 6.1, 2.0))": 98.20674896240234,
    "(5, 1.8, (0.1, 6.1, 2.0))": 98.20674896240234,
    "(5, 2.0, (0.1, 6.1, 2.0))": 98.62869262695312,
    "(5, 0.2, (0.1, 6.5, 2.0))": 91.87763977050781,
    "(5, 0.4, (0.1, 6.5, 2.0))": 93.8818588256836,
    "(5, 0.6, (0.1, 6.5, 2.0))": 95.25316619873047,
    "(5, 0.8, (0.1, 6.5, 2.0))": 96.0970458984375,
    "(5, 1.0, (0.1, 6.5, 2.0))": 96.83544158935547,
    "(5, 1.2, (0.1, 6.5, 2.0))": 97.57383728027344,
    "(5, 1.4, (0.1, 6.5, 2.0))": 97.7848129272461,
    "(5, 1.6, (0.1, 6.5, 2.0))": 97.99578094482422,
    "(5, 1.8, (0.1, 6.5, 2.0))": 98.3122329711914,
    "(5, 2.0, (0.1, 6.5, 2.0))": 98.73417663574219,
    "no_RIS_contribution": 81.54008483886719
}