{
    "(4, 0.2, (0.1, 2.9, 2.0))": 91.5611801147461,
    "(4, 0.4, (0.1, 2.9, 2.0))": 93.56539916992188,
    "(4, 0.6, (0.1, 2.9, 2.0))": 94.4092788696289,
    "(4, 0.8, (0.1, 2.9, 2.0))": 94.93671417236328,
    "(4, 1.0, (0.1, 2.9, 2.0))": 94.83122253417969,
    "(4, 1.2, (0.1, 2.9, 2.0))": 95.04219055175781,
    "(4, 1.4, (0.1, 2.9, 2.0))": 95.35865020751953,
    "(4, 1.6, (0.1, 2.9, 2.0))": 95.67510223388672,
    "(4, 1.8, (0.1, 2.9, 2.0))": 95.78059387207031,
    "(4, 2.0, (0.1, 2.9, 2.0))": 95.78059387207031,
    "(4, 0.2, (0.1, 3.3, 2.0))": 90.29535675048828,
    "(4, 0.4, (0.1, 3.3, 2.0))": 92.93248748779297,
    "(4, 0.6, (0.1, 3.3, 2.0))": 94.72573852539062,
    "(4, 0.8, (0.1, 3.3, 2.0))": 94.93671417236328,
    "(4, 1.0, (0.1, 3.3, 2.0))": 96.62446594238281,
    "(4, 1.2, (0.1, 3.3, 2.0))": 96.62446594238281,
    "(4, 1.4, (0.1, 3.3, 2.0))": 96.62446594238281,
    "(4, 1.6, (0.1, 3.3, 2.0))": 97.15190124511719,
    "(4, 1.8, (0.1, 3.3, 2.0))": 97.0464096069336,
    "(4, 2.0, (0.1, 3.3, 2.0))": 96.94092559814453,
    "(4, 0.2, (0.1, 3.7, 2.0))": 88.71308135986328,
    "(4, 0.4, (0.1, 3.7, 2.0))": 91.03376007080078,
    "(4, 0.6, (0.1, 3.7, 2.0))": 93.8818588256836,
    "(4, 0.8, (0.1, 3.7, 2.0))": 94.83122253417969,
    "(4, 1.0, (0.1, 3.7, 2.0))": 95.35865020751953,
    "(4, 1.2, (0.1, 3.7, 2.0))": 96.7299575805664,
    "(4, 1.4, (0.1, 3.7, 2.0))": 97.36286926269531,
    "(4, 1.6, (0.1, 3.7, 2.0))": 97.99578094482422,
    "(4, 1.8, (0.1, 3.7, 2.0))": 97.99578094482422,
    "(4, 2.0, (0.1, 3.7, 2.0))": 98.10126495361328,
    "(4, 0.2, (0.1, 4.1, 2.0))": 88.3966293334961,
    "(4, 0.4, (0.1, 4.1, 2.0))": 90.82278442382812,
    "(4, 0.6, (0.1, 4.1, 2.0))": 92.08860778808594,
    "(4, 0.8, (0.1, 4.1, 2.0))": 93.45991516113281,
    "(4, 1.0, (0.1, 4.1, 2.0))": 94.83122253417969,
    "(4, 1.2, (0.1, 4.1, 2.0))": 96.0970458984375,
    "(4, 1.4, (0.1, 4.1, 2.0))": 97.25738525390625,
    "(4, 1.6, (0.1, 4.1, 2.0))": 97.57383728027344,
    "(4, 1.8, (0.1, 4.1, 2.0))": 98.73417663574219,
    "(4, 2.0, (0.1, 4.1, 2.0))": 99.78903198242188,
    "(4, 0.2, (0.1, 4.5, 2.0))": 87.55274200439453,
    "(4, 0.4, (0.1, 4.5, 2.0))": 89.76792907714844,
    "(4, 0.6, (0.1, 4.5, 2.0))": 91.2447280883789,
    "(4, 0.8, (0.1, 4.5, 2.0))": 91.77214813232422,
    "(4, 1.0, (0.1, 4.5, 2.0))": 93.24894714355469,
    "(4, 1.2, (0.1, 4.5, 2.0))": 95.78059387207031,
    "(4, 1.4, (0.1, 4.5, 2.0))": 96.83544158935547,
    "(4, 1.6, (0.1, 4.5, 2.0))": 97.46835327148438,
    "(4, 1.8, (0.1, 4.5, 2.0))": 99.0506362915039,
    "(4, 2.0, (0.1, 4.5, 2.0))": 99.57805633544922,
    "(4, 0.2, (0.1, 4.9, 2.0))": 88.9240493774414,
    "(4, 0.4, (0.1, 4.9, 2.0))": 91.77214813232422,
    "(4, 0.6, (0.1, 4.9, 2.0))": 93.35443115234375,
    "(4, 0.8, (0.1, 4.9, 2.0))": 94.19831085205078,
    "(4, 1.0, (0.1, 4.9, 2.0))": 94.83122253417969,
    "(4, 1.2, (0.1, 4.9, 2.0))": 96.7299575805664,
    "(4, 1.4, (0.1, 4.9, 2.0))": 97.36286926269531,
    "(4, 1.6, (0.1, 4.9, 2.0))": 97.7848129272461,
    "(4, 1.8, (0.1, 4.9, 2.0))": 98.417724609375,
    "(4, 2.0, (0.1, 4.9, 2.0))": 99.89451599121094,
    "(4, 0.2, (0.1, 5.3, 2.0))": 90.82278442382812,
    "(4, 0.4, (0.1, 5.3, 2.0))": 93.45991516113281,
    "(4, 0.6, (0.1, 5.3, 2.0))": 94.5147705078125,
    "(4, 0.8, (0.1, 5.3, 2.0))": 94.83122253417969,
    "(4, 1.0, (0.1, 5.3, 2.0))": 96.0970458984375,
    "(4, 1.2, (0.1, 5.3, 2.0))": 96.83544158935547,
    "(4, 1.4, (0.1, 5.3, 2.0))": 97.0464096069336,
    "(4, 1.6, (0.1, 5.3, 2.0))": 97.99578094482422,
    "(4, 1.8, (0.1, 5.3, 2.0))": 98.83966064453125,
    "(4, 2.0, (0.1, 5.3, 2.0))": 98.83966064453125,
    "(4, 0.2, (0.1, 5.7, 2.0))": 91.2447280883789,
    "(4, 0.4, (0.1, 5.7, 2.0))": 94.09282684326172,
    "(4, 0.6, (0.1, 5.7, 2.0))": 95.1476821899414,
    "(4, 0.8, (0.1, 5.7, 2.0))": 95.88607788085938,
    "(4, 1.0, (0.1, 5.7, 2.0))": 96.30801391601562,
    "(4, 1.2, (0.1, 5.7, 2.0))": 97.15190124511719,
    "(4, 1.4, (0.1, 5.7, 2.0))": 97.25738525390625,
    "(4, 1.6, (0.1, 5.7, 2.0))": 97.25738525390625,
    "(4, 1.8, (0.1, 5.7, 2.0))": 97.7848129272461,
    "(4, 2.0, (0.1, 5.7, 2.0))": 97.57383728027344,
    "(4, 0.2, (0.1, 6.1, 2.0))": 91.87763977050781,
    "(4, 0.4, (0.1, 6.1, 2.0))": 93.98734283447266,
    "(4, 0.6, (0.1, 6.1, 2.0))": 95.25316619873047,
    "(4, 0.8, (0.1, 6.1, 2.0))": 95.67510223388672,
    "(4, 1.0, (0.1, 6.1, 2.0))": 95.99156188964844,
    "(4, 1.2, (0.1, 6.1, 2.0))": 95.99156188964844,
    "(4, 1.4, (0.1, 6.1, 2.0))": 96.62446594238281,
    "(4, 1.6, (0.1, 6.1, 2.0))": 96.7299575805664,
    "(4, 1.8, (0.1, 6.1, 2.0))": 97.0464096069336,
    "(4, 2.0, (0.1, 6.1, 2.0))": 97.15190124511719,
    "(4, 0.2, (0.1, 6.5, 2.0))": 91.45569610595703,
    "(4, 0.4, (0.1, 6.5, 2.0))": 93.24894714355469,
    "(4, 0.6, (0.1, 6.5, 2.0))": 94.72573852539062,
    "(4, 0.8, (0.1, 6.5, 2.0))": 95.35865020751953,
    "(4, 1.0, (0.1, 6.5, 2.0))": 96.2025375366211,
    "(4, 1.2, (0.1, 6.5, 2.0))": 96.7299575805664,
    "(4, 1.4, (0.1, 6.5, 2.0))": 97.0464096069336,
    "(4, 1.6, (0.1, 6.5, 2.0))": 97.46835327148438,
    "(4, 1.8, (0.1, 6.5, 2.0))": 97.57383728027344,
    "(4, 2.0, (0.1, 6.5, 2.0))": 98.10126495361328,
    "no_RIS_contribution": 81.54008483886719
}