{
    "(2, 0.2, (0.1, 2.9, 2.0))": -101.4222412109375,
    "(2, 0.4, (0.1, 2.9, 2.0))": -96.12560272216797,
    "(2, 0.6, (0.1, 2.9, 2.0))": -92.34943389892578,
    "(2, 0.8, (0.1, 2.9, 2.0))": -90.13204193115234,
    "(2, 1.0, (0.1, 2.9, 2.0))": -88.44623565673828,
    "(2, 1.2, (0.1, 2.9, 2.0))": -87.02729034423828,
    "(2, 1.4, (0.1, 2.9, 2.0))": -85.70659637451172,
    "(2, 1.6, (0.1, 2.9, 2.0))": -85.06781005859375,
    "(2, 1.8, (0.1, 2.9, 2.0))": -85.03192138671875,
    "(2, 2.0, (0.1, 2.9, 2.0))": -84.43488311767578,
    "(2, 0.2, (0.1, 3.3, 2.0))": -101.47145080566406,
    "(2, 0.4, (0.1, 3.3, 2.0))": -96.05207824707031,
    "(2, 0.6, (0.1, 3.3, 2.0))": -91.71541595458984,
    "(2, 0.8, (0.1, 3.3, 2.0))": -88.86993408203125,
    "(2, 1.0, (0.1, 3.3, 2.0))": -85.89847564697266,
    "(2, 1.2, (0.1, 3.3, 2.0))": -83.6400375366211,
    "(2, 1.4, (0.1, 3.3, 2.0))": -82.21067810058594,
    "(2, 1.6, (0.1, 3.3, 2.0))": -81.28498840332031,
    "(2, 1.8, (0.1, 3.3, 2.0))": -80.86170959472656,
    "(2, 2.0, (0.1, 3.3, 2.0))": -80.25918579101562,
    "(2, 0.2, (0.1, 3.7, 2.0))": -101.91265869140625,
    "(2, 0.4, (0.1, 3.7, 2.0))": -98.3631591796875,
    "(2, 0.6, (0.1, 3.7, 2.0))": -94.77408599853516,
    "(2, 0.8, (0.1, 3.7, 2.0))": -91.5442886352539,
    "(2, 1.0, (0.1, 3.7, 2.0))": -89.37569427490234,
    "(2, 1.2, (0.1, 3.7, 2.0))": -85.98411560058594,
    "(2, 1.4, (0.1, 3.7, 2.0))": -82.76940155029297,
    "(2, 1.6, (0.1, 3.7, 2.0))": -80.13037872314453,
    "(2, 1.8, (0.1, 3.7, 2.0))": -79.20668029785156,
    "(2, 2.0, (0.1, 3.7, 2.0))": -79.11630249023438,
    "(2, 0.2, (0.1, 4.1, 2.0))": -101.1290054321289,
    "(2, 0.4, (0.1, 4.1, 2.0))": -96.20625305175781,
    "(2, 0.6, (0.1, 4.1, 2.0))": -92.10325622558594,
    "(2, 0.8, (0.1, 4.1, 2.0))": -89.81097412109375,
    "(2, 1.0, (0.1, 4.1, 2.0))": -87.62918090820312,
    "(2, 1.2, (0.1, 4.1, 2.0))": -84.80554962158203,
    "(2, 1.4, (0.1, 4.1, 2.0))": -82.43240356445312,
    "(2, 1.6, (0.1, 4.1, 2.0))": -80.37728881835938,
    "(2, 1.8, (0.1, 4.1, 2.0))": -78.31314849853516,
    "(2, 2.0, (0.1, 4.1, 2.0))": -75.6549072265625,
    "(2, 0.2, (0.1, 4.5, 2.0))": -105.6136703491211,
    "(2, 0.4, (0.1, 4.5, 2.0))": -99.68424224853516,
    "(2, 0.6, (0.1, 4.5, 2.0))": -96.27640533447266,
    "(2, 0.8, (0.1, 4.5, 2.0))": -93.91687774658203,
    "(2, 1.0, (0.1, 4.5, 2.0))": -91.41588592529297,
    "(2, 1.2, (0.1, 4.5, 2.0))": -87.24230194091797,
    "(2, 1.4, (0.1, 4.5, 2.0))": -83.05534362792969,
    "(2, 1.6, (0.1, 4.5, 2.0))": -81.20310974121094,
    "(2, 1.8, (0.1, 4.5, 2.0))": -79.30663299560547,
    "(2, 2.0, (0.1, 4.5, 2.0))": -75.82926177978516,
    "(2, 0.2, (0.1, 4.9, 2.0))": -101.70702362060547,
    "(2, 0.4, (0.1, 4.9, 2.0))": -98.15301513671875,
    "(2, 0.6, (0.1, 4.9, 2.0))": -94.8324966430664,
    "(2, 0.8, (0.1, 4.9, 2.0))": -91.14327239990234,
    "(2, 1.0, (0.1, 4.9, 2.0))": -89.56140899658203,
    "(2, 1.2, (0.1, 4.9, 2.0))": -87.34814453125,
    "(2, 1.4, (0.1, 4.9, 2.0))": -83.82278442382812,
    "(2, 1.6, (0.1, 4.9, 2.0))": -81.15725708007812,
    "(2, 1.8, (0.1, 4.9, 2.0))": -80.1423568725586,
    "(2, 2.0, (0.1, 4.9, 2.0))": -78.09976196289062,
    "(2, 0.2, (0.1, 5.3, 2.0))": -103.05924987792969,
    "(2, 0.4, (0.1, 5.3, 2.0))": -98.56409454345703,
    "(2, 0.6, (0.1, 5.3, 2.0))": -94.60870361328125,
    "(2, 0.8, (0.1, 5.3, 2.0))": -91.88754272460938,
    "(2, 1.0, (0.1, 5.3, 2.0))": -88.49749755859375,
    "(2, 1.2, (0.1, 5.3, 2.0))": -85.94588470458984,
    "(2, 1.4, (0.1, 5.3, 2.0))": -83.68842315673828,
    "(2, 1.6, (0.1, 5.3, 2.0))": -81.64046478271484,
    "(2, 1.8, (0.1, 5.3, 2.0))": -79.42002868652344,
    "(2, 2.0, (0.1, 5.3, 2.0))": -78.32510375976562,
    "(2, 0.2, (0.1, 5.7, 2.0))": -99.6566162109375,
    "(2, 0.4, (0.1, 5.7, 2.0))": -93.77177429199219,
    "(2, 0.6, (0.1, 5.7, 2.0))": -89.63155364990234,
    "(2, 0.8, (0.1, 5.7, 2.0))": -87.90935516357422,
    "(2, 1.0, (0.1, 5.7, 2.0))": -85.1272964477539,
    "(2, 1.2, (0.1, 5.7, 2.0))": -82.61524963378906,
    "(2, 1.4, (0.1, 5.7, 2.0))": -80.9171142578125,
    "(2, 1.6, (0.1, 5.7, 2.0))": -80.22074127197266,
    "(2, 1.8, (0.1, 5.7, 2.0))": -79.90258026123047,
    "(2, 2.0, (0.1, 5.7, 2.0))": -79.04959106445312,
    "(2, 0.2, (0.1, 6.1, 2.0))": -99.0931167602539,
    "(2, 0.4, (0.1, 6.1, 2.0))": -95.10986328125,
    "(2, 0.6, (0.1, 6.1, 2.0))": -90.58062744140625,
    "(2, 0.8, (0.1, 6.1, 2.0))": -87.07223510742188,
    "(2, 1.0, (0.1, 6.1, 2.0))": -85.53084564208984,
    "(2, 1.2, (0.1, 6.1, 2.0))": -84.26962280273438,
    "(2, 1.4, (0.1, 6.1, 2.0))": -83.66477966308594,
    "(2, 1.6, (0.1, 6.1, 2.0))": -83.13689422607422,
    "(2, 1.8, (0.1, 6.1, 2.0))": -83.1116943359375,
    "(2, 2.0, (0.1, 6.1, 2.0))": -82.61487579345703,
    "(2, 0.2, (0.1, 6.5, 2.0))": -102.15174865722656,
    "(2, 0.4, (0.1, 6.5, 2.0))": -98.2768325805664,
    "(2, 0.6, (0.1, 6.5, 2.0))": -96.68915557861328,
    "(2, 0.8, (0.1, 6.5, 2.0))": -95.60111236572266,
    "(2, 1.0, (0.1, 6.5, 2.0))": -93.7884521484375,
    "(2, 1.2, (0.1, 6.5, 2.0))": -93.29390716552734,
    "(2, 1.4, (0.1, 6.5, 2.0))": -92.49803924560547,
    "(2, 1.6, (0.1, 6.5, 2.0))": -91.47715759277344,
    "(2, 1.8, (0.1, 6.5, 2.0))": -90.91060638427734,
    "(2, 2.0, (0.1, 6.5, 2.0))": -90.5590591430664,
    "no_RIS_contribution": -112.58379364013672
}