{
    "(3, 0.2, (0.1, 2.9, 2.0))": 89.9789047241211,
    "(3, 0.4, (0.1, 2.9, 2.0))": 93.1434555053711,
    "(3, 0.6, (0.1, 2.9, 2.0))": 93.7763671875,
    "(3, 0.8, (0.1, 2.9, 2.0))": 94.30380249023438,
    "(3, 1.0, (0.1, 2.9, 2.0))": 94.83122253417969,
    "(3, 1.2, (0.1, 2.9, 2.0))": 95.56962585449219,
    "(3, 1.4, (0.1, 2.9, 2.0))": 95.1476821899414,
    "(3, 1.6, (0.1, 2.9, 2.0))": 95.78059387207031,
    "(3, 1.8, (0.1, 2.9, 2.0))": 95.78059387207031,
    "(3, 2.0, (0.1, 2.9, 2.0))": 95.88607788085938,
    "(3, 0.2, (0.1, 3.3, 2.0))": 89.9789047241211,
    "(3, 0.4, (0.1, 3.3, 2.0))": 93.03797149658203,
    "(3, 0.6, (0.1, 3.3, 2.0))": 94.30380249023438,
    "(3, 0.8, (0.1, 3.3, 2.0))": 95.35865020751953,
    "(3, 1.0, (0.1, 3.3, 2.0))": 96.41350555419922,
    "(3, 1.2, (0.1, 3.3, 2.0))": 96.94092559814453,
    "(3, 1.4, (0.1, 3.3, 2.0))": 97.0464096069336,
    "(3, 1.6, (0.1, 3.3, 2.0))": 96.94092559814453,
    "(3, 1.8, (0.1, 3.3, 2.0))": 97.6793212890625,
    "(3, 2.0, (0.1, 3.3, 2.0))": 97.15190124511719,
    "(3, 0.2, (0.1, 3.7, 2.0))": 89.76792907714844,
    "(3, 0.4, (0.1, 3.7, 2.0))": 91.03376007080078,
    "(3, 0.6, (0.1, 3.7, 2.0))": 93.03797149658203,
    "(3, 0.8, (0.1, 3.7, 2.0))": 94.93671417236328,
    "(3, 1.0, (0.1, 3.7, 2.0))": 95.99156188964844,
    "(3, 1.2, (0.1, 3.7, 2.0))": 96.83544158935547,
    "(3, 1.4, (0.1, 3.7, 2.0))": 97.36286926269531,
    "(3, 1.6, (0.1, 3.7, 2.0))": 98.10126495361328,
    "(3, 1.8, (0.1, 3.7, 2.0))": 98.10126495361328,
    "(3, 2.0, (0.1, 3.7, 2.0))": 98.3122329711914,
    "(3, 0.2, (0.1, 4.1, 2.0))": 87.97468566894531,
    "(3, 0.4, (0.1, 4.1, 2.0))": 90.71730041503906,
    "(3, 0.6, (0.1, 4.1, 2.0))": 92.72151947021484,
    "(3, 0.8, (0.1, 4.1, 2.0))": 93.56539916992188,
    "(3, 1.0, (0.1, 4.1, 2.0))": 95.67510223388672,
    "(3, 1.2, (0.1, 4.1, 2.0))": 96.41350555419922,
    "(3, 1.4, (0.1, 4.1, 2.0))": 97.15190124511719,
    "(3, 1.6, (0.1, 4.1, 2.0))": 98.417724609375,
    "(3, 1.8, (0.1, 4.1, 2.0))": 98.94514465332031,
    "(3, 2.0, (0.1, 4.1, 2.0))": 99.57805633544922,
    "(3, 0.2, (0.1, 4.5, 2.0))": 86.39240264892578,
    "(3, 0.4, (0.1, 4.5, 2.0))": 89.13501739501953,
    "(3, 0.6, (0.1, 4.5, 2.0))": 90.5063247680664,
    "(3, 0.8, (0.1, 4.5, 2.0))": 90.61181640625,
    "(3, 1.0, (0.1, 4.5, 2.0))": 92.51055145263672,
    "(3, 1.2, (0.1, 4.5, 2.0))": 94.72573852539062,
    "(3, 1.4, (0.1, 4.5, 2.0))": 95.99156188964844,
    "(3, 1.6, (0.1, 4.5, 2.0))": 96.2025375366211,
    "(3, 1.8, (0.1, 4.5, 2.0))": 97.89029693603516,
    "(3, 2.0, (0.1, 4.5, 2.0))": 99.78903198242188,
    "(3, 0.2, (0.1, 4.9, 2.0))": 89.029541015625,
    "(3, 0.4, (0.1, 4.9, 2.0))": 91.5611801147461,
    "(3, 0.6, (0.1, 4.9, 2.0))": 92.51055145263672,
    "(3, 0.8, (0.1, 4.9, 2.0))": 93.8818588256836,
    "(3, 1.0, (0.1, 4.9, 2.0))": 94.5147705078125,
    "(3, 1.2, (0.1, 4.9, 2.0))": 96.7299575805664,
    "(3, 1.4, (0.1, 4.9, 2.0))": 97.57383728027344,
    "(3, 1.6, (0.1, 4.9, 2.0))": 97.46835327148438,
    "(3, 1.8, (0.1, 4.9, 2.0))": 98.20674896240234,
    "(3, 2.0, (0.1, 4.9, 2.0))": 99.47257995605469,
    "(3, 0.2, (0.1, 5.3, 2.0))": 90.92826843261719,
    "(3, 0.4, (0.1, 5.3, 2.0))": 92.72151947021484,
    "(3, 0.6, (0.1, 5.3, 2.0))": 94.30380249023438,
    "(3, 0.8, (0.1, 5.3, 2.0))": 95.1476821899414,
    "(3, 1.0, (0.1, 5.3, 2.0))": 96.2025375366211,
    "(3, 1.2, (0.1, 5.3, 2.0))": 96.94092559814453,
    "(3, 1.4, (0.1, 5.3, 2.0))": 97.6793212890625,
    "(3, 1.6, (0.1, 5.3, 2.0))": 97.89029693603516,
    "(3, 1.8, (0.1, 5.3, 2.0))": 99.0506362915039,
    "(3, 2.0, (0.1, 5.3, 2.0))": 98.83966064453125,
    "(3, 0.2, (0.1, 5.7, 2.0))": 90.82278442382812,
    "(3, 0.4, (0.1, 5.7, 2.0))": 93.24894714355469,
    "(3, 0.6, (0.1, 5.7, 2.0))": 95.04219055175781,
    "(3, 0.8, (0.1, 5.7, 2.0))": 96.0970458984375,
    "(3, 1.0, (0.1, 5.7, 2.0))": 96.41350555419922,
    "(3, 1.2, (0.1, 5.7, 2.0))": 97.25738525390625,
    "(3, 1.4, (0.1, 5.7, 2.0))": 97.36286926269531,
    "(3, 1.6, (0.1, 5.7, 2.0))": 97.46835327148438,
    "(3, 1.8, (0.1, 5.7, 2.0))": 97.7848129272461,
    "(3, 2.0, (0.1, 5.7, 2.0))": 97.57383728027344,
    "(3, 0.2, (0.1, 6.1, 2.0))": 91.66667175292969,
    "(3, 0.4, (0.1, 6.1, 2.0))": 93.7763671875,
    "(3, 0.6, (0.1, 6.1, 2.0))": 94.93671417236328,
    "(3, 0.8, (0.1, 6.1, 2.0))": 95.4641342163086,
    "(3, 1.0, (0.1, 6.1, 2.0))": 95.88607788085938,
    "(3, 1.2, (0.1, 6.1, 2.0))": 96.2025375366211,
    "(3, 1.4, (0.1, 6.1, 2.0))": 96.41350555419922,
    "(3, 1.6, (0.1, 6.1, 2.0))": 96.41350555419922,
    "(3, 1.8, (0.1, 6.1, 2.0))": 96.30801391601562,
    "(3, 2.0, (0.1, 6.1, 2.0))": 96.2025375366211,
    "(3, 0.2, (0.1, 6.5, 2.0))": 89.8734130859375,
    "(3, 0.4, (0.1, 6.5, 2.0))": 91.98312377929688,
    "(3, 0.6, (0.1, 6.5, 2.0))": 92.93248748779297,
    "(3, 0.8, (0.1, 6.5, 2.0))": 93.67088317871094,
    "(3, 1.0, (0.1, 6.5, 2.0))": 94.4092788696289,
    "(3, 1.2, (0.1, 6.5, 2.0))": 94.72573852539062,
    "(3, 1.4, (0.1, 6.5, 2.0))": 94.83122253417969,
    "(3, 1.6, (0.1, 6.5, 2.0))": 95.1476821899414,
    "(3, 1.8, (0.1, 6.5, 2.0))": 95.88607788085938,
    "(3, 2.0, (0.1, 6.5, 2.0))": 96.30801391601562,
    "no_RIS_contribution": 81.54008483886719
}