{
    "(5, 0.2, (0.1, 2.9, 2.0))": -97.6525650024414,
    "(5, 0.4, (0.1, 2.9, 2.0))": -93.8769760131836,
    "(5, 0.6, (0.1, 2.9, 2.0))": -91.39522552490234,
    "(5, 0.8, (0.1, 2.9, 2.0))": -90.26050567626953,
    "(5, 1.0, (0.1, 2.9, 2.0))": -89.10107421875,
    "(5, 1.2, (0.1, 2.9, 2.0))": -88.024169921875,
    "(5, 1.4, (0.1, 2.9, 2.0))": -87.6660385131836,
    "(5, 1.6, (0.1, 2.9, 2.0))": -87.14344787597656,
    "(5, 1.8, (0.1, 2.9, 2.0))": -87.06787109375,
    "(5, 2.0, (0.1, 2.9, 2.0))": -85.97140502929688,
    "(5, 0.2, (0.1, 3.3, 2.0))": -97.95845031738281,
    "(5, 0.4, (0.1, 3.3, 2.0))": -92.9429931640625,
    "(5, 0.6, (0.1, 3.3, 2.0))": -89.81221771240234,
    "(5, 0.8, (0.1, 3.3, 2.0))": -87.81822204589844,
    "(5, 1.0, (0.1, 3.3, 2.0))": -86.45311737060547,
    "(5, 1.2, (0.1, 3.3, 2.0))": -85.51337432861328,
    "(5, 1.4, (0.1, 3.3, 2.0))": -84.40357971191406,
    "(5, 1.6, (0.1, 3.3, 2.0))": -83.97731018066406,
    "(5, 1.8, (0.1, 3.3, 2.0))": -83.25584411621094,
    "(5, 2.0, (0.1, 3.3, 2.0))": -82.85398864746094,
    "(5, 0.2, (0.1, 3.7, 2.0))": -100.26708984375,
    "(5, 0.4, (0.1, 3.7, 2.0))": -95.27307891845703,
    "(5, 0.6, (0.1, 3.7, 2.0))": -90.6953125,
    "(5, 0.8, (0.1, 3.7, 2.0))": -88.96481323242188,
    "(5, 1.0, (0.1, 3.7, 2.0))": -86.86153411865234,
    "(5, 1.2, (0.1, 3.7, 2.0))": -84.14472961425781,
    "(5, 1.4, (0.1, 3.7, 2.0))": -82.5838623046875,
    "(5, 1.6, (0.1, 3.7, 2.0))": -81.4924087524414,
    "(5, 1.8, (0.1, 3.7, 2.0))": -80.85067749023438,
    "(5, 2.0, (0.1, 3.7, 2.0))": -80.59300994873047,
    "(5, 0.2, (0.1, 4.1, 2.0))": -98.21585083007812,
    "(5, 0.4, (0.1, 4.1, 2.0))": -94.93627166748047,
    "(5, 0.6, (0.1, 4.1, 2.0))": -91.79598999023438,
    "(5, 0.8, (0.1, 4.1, 2.0))": -88.84231567382812,
    "(5, 1.0, (0.1, 4.1, 2.0))": -87.07550048828125,
    "(5, 1.2, (0.1, 4.1, 2.0))": -84.52642059326172,
    "(5, 1.4, (0.1, 4.1, 2.0))": -82.4037857055664,
    "(5, 1.6, (0.1, 4.1, 2.0))": -80.30438232421875,
    "(5, 1.8, (0.1, 4.1, 2.0))": -78.92928314208984,
    "(5, 2.0, (0.1, 4.1, 2.0))": -77.5788803100586,
    "(5, 0.2, (0.1, 4.5, 2.0))": -97.75865173339844,
    "(5, 0.4, (0.1, 4.5, 2.0))": -93.59693908691406,
    "(5, 0.6, (0.1, 4.5, 2.0))": -90.15699768066406,
    "(5, 0.8, (0.1, 4.5, 2.0))": -88.00881958007812,
    "(5, 1.0, (0.1, 4.5, 2.0))": -85.76307678222656,
    "(5, 1.2, (0.1, 4.5, 2.0))": -83.52156829833984,
    "(5, 1.4, (0.1, 4.5, 2.0))": -81.49617004394531,
    "(5, 1.6, (0.1, 4.5, 2.0))": -80.19867706298828,
    "(5, 1.8, (0.1, 4.5, 2.0))": -78.52710723876953,
    "(5, 2.0, (0.1, 4.5, 2.0))": -77.45748138427734,
    "(5, 0.2, (0.1, 4.9, 2.0))": -99.13529205322266,
    "(5, 0.4, (0.1, 4.9, 2.0))": -93.44151306152344,
    "(5, 0.6, (0.1, 4.9, 2.0))": -90.4814224243164,
    "(5, 0.8, (0.1, 4.9, 2.0))": -88.68220520019531,
    "(5, 1.0, (0.1, 4.9, 2.0))": -86.75418090820312,
    "(5, 1.2, (0.1, 4.9, 2.0))": -83.96051025390625,
    "(5, 1.4, (0.1, 4.9, 2.0))": -82.4771728515625,
    "(5, 1.6, (0.1, 4.9, 2.0))": -81.6682357788086,
    "(5, 1.8, (0.1, 4.9, 2.0))": -79.144287109375,
    "(5, 2.0, (0.1, 4.9, 2.0))": -77.67414855957031,
    "(5, 0.2, (0.1, 5.3, 2.0))": -99.78479766845703,
    "(5, 0.4, (0.1, 5.3, 2.0))": -95.24464416503906,
    "(5, 0.6, (0.1, 5.3, 2.0))": -92.00480651855469,
    "(5, 0.8, (0.1, 5.3, 2.0))": -89.26923370361328,
    "(5, 1.0, (0.1, 5.3, 2.0))": -87.29066467285156,
    "(5, 1.2, (0.1, 5.3, 2.0))": -85.0694580078125,
    "(5, 1.4, (0.1, 5.3, 2.0))": -82.7337417602539,
    "(5, 1.6, (0.1, 5.3, 2.0))": -81.48172760009766,
    "(5, 1.8, (0.1, 5.3, 2.0))": -79.468505859375,
    "(5, 2.0, (0.1, 5.3, 2.0))": -79.17643737792969,
    "(5, 0.2, (0.1, 5.7, 2.0))": -98.00875091552734,
    "(5, 0.4, (0.1, 5.7, 2.0))": -93.4003677368164,
    "(5, 0.6, (0.1, 5.7, 2.0))": -89.86387634277344,
    "(5, 0.8, (0.1, 5.7, 2.0))": -87.51472473144531,
    "(5, 1.0, (0.1, 5.7, 2.0))": -85.32550048828125,
    "(5, 1.2, (0.1, 5.7, 2.0))": -83.67371368408203,
    "(5, 1.4, (0.1, 5.7, 2.0))": -82.9601821899414,
    "(5, 1.6, (0.1, 5.7, 2.0))": -82.13211822509766,
    "(5, 1.8, (0.1, 5.7, 2.0))": -81.53572845458984,
    "(5, 2.0, (0.1, 5.7, 2.0))": -81.00303649902344,
    "(5, 0.2, (0.1, 6.1, 2.0))": -96.46820068359375,
    "(5, 0.4, (0.1, 6.1, 2.0))": -91.57937622070312,
    "(5, 0.6, (0.1, 6.1, 2.0))": -88.43043518066406,
    "(5, 0.8, (0.1, 6.1, 2.0))": -86.49242401123047,
    "(5, 1.0, (0.1, 6.1, 2.0))": -85.48245239257812,
    "(5, 1.2, (0.1, 6.1, 2.0))": -84.7479476928711,
    "(5, 1.4, (0.1, 6.1, 2.0))": -83.8570556640625,
    "(5, 1.6, (0.1, 6.1, 2.0))": -83.15862274169922,
    "(5, 1.8, (0.1, 6.1, 2.0))": -82.85269927978516,
    "(5, 2.0, (0.1, 6.1, 2.0))": -82.2676010131836,
    "(5, 0.2, (0.1, 6.5, 2.0))": -97.478271484375,
    "(5, 0.4, (0.1, 6.5, 2.0))": -93.3004379272461,
    "(5, 0.6, (0.1, 6.5, 2.0))": -90.29586791992188,
    "(5, 0.8, (0.1, 6.5, 2.0))": -88.78218841552734,
    "(5, 1.0, (0.1, 6.5, 2.0))": -87.31792449951172,
    "(5, 1.2, (0.1, 6.5, 2.0))": -86.13394927978516,
    "(5, 1.4, (0.1, 6.5, 2.0))": -85.17448425292969,
    "(5, 1.6, (0.1, 6.5, 2.0))": -84.5422592163086,
    "(5, 1.8, (0.1, 6.5, 2.0))": -84.2259292602539,
    "(5, 2.0, (0.1, 6.5, 2.0))": -83.6723403930664,
    "no_RIS_contribution": -112.58379364013672
}