{
    "(4, 0.2, (0.1, 2.9, 2.0))": -97.50484466552734,
    "(4, 0.4, (0.1, 2.9, 2.0))": -93.00458526611328,
    "(4, 0.6, (0.1, 2.9, 2.0))": -90.4046401977539,
    "(4, 0.8, (0.1, 2.9, 2.0))": -89.24700927734375,
    "(4, 1.0, (0.1, 2.9, 2.0))": -88.56700134277344,
    "(4, 1.2, (0.1, 2.9, 2.0))": -87.63909149169922,
    "(4, 1.4, (0.1, 2.9, 2.0))": -86.7116928100586,
    "(4, 1.6, (0.1, 2.9, 2.0))": -85.89325714111328,
    "(4, 1.8, (0.1, 2.9, 2.0))": -86.03845977783203,
    "(4, 2.0, (0.1, 2.9, 2.0))": -85.22914123535156,
    "(4, 0.2, (0.1, 3.3, 2.0))": -98.44281005859375,
    "(4, 0.4, (0.1, 3.3, 2.0))": -92.72187805175781,
    "(4, 0.6, (0.1, 3.3, 2.0))": -89.50206756591797,
    "(4, 0.8, (0.1, 3.3, 2.0))": -87.54969787597656,
    "(4, 1.0, (0.1, 3.3, 2.0))": -85.56769561767578,
    "(4, 1.2, (0.1, 3.3, 2.0))": -84.70952606201172,
    "(4, 1.4, (0.1, 3.3, 2.0))": -83.87541198730469,
    "(4, 1.6, (0.1, 3.3, 2.0))": -82.75653839111328,
    "(4, 1.8, (0.1, 3.3, 2.0))": -82.5230484008789,
    "(4, 2.0, (0.1, 3.3, 2.0))": -82.14759826660156,
    "(4, 0.2, (0.1, 3.7, 2.0))": -101.37521362304688,
    "(4, 0.4, (0.1, 3.7, 2.0))": -97.43571472167969,
    "(4, 0.6, (0.1, 3.7, 2.0))": -93.24658203125,
    "(4, 0.8, (0.1, 3.7, 2.0))": -90.32942962646484,
    "(4, 1.0, (0.1, 3.7, 2.0))": -87.84165954589844,
    "(4, 1.2, (0.1, 3.7, 2.0))": -84.83683013916016,
    "(4, 1.4, (0.1, 3.7, 2.0))": -83.41236114501953,
    "(4, 1.6, (0.1, 3.7, 2.0))": -81.57089233398438,
    "(4, 1.8, (0.1, 3.7, 2.0))": -80.75131225585938,
    "(4, 2.0, (0.1, 3.7, 2.0))": -80.22134399414062,
    "(4, 0.2, (0.1, 4.1, 2.0))": -100.83321380615234,
    "(4, 0.4, (0.1, 4.1, 2.0))": -96.26828002929688,
    "(4, 0.6, (0.1, 4.1, 2.0))": -93.01155853271484,
    "(4, 0.8, (0.1, 4.1, 2.0))": -90.64469146728516,
    "(4, 1.0, (0.1, 4.1, 2.0))": -88.81690979003906,
    "(4, 1.2, (0.1, 4.1, 2.0))": -86.04825592041016,
    "(4, 1.4, (0.1, 4.1, 2.0))": -83.54568481445312,
    "(4, 1.6, (0.1, 4.1, 2.0))": -81.8209457397461,
    "(4, 1.8, (0.1, 4.1, 2.0))": -79.41483306884766,
    "(4, 2.0, (0.1, 4.1, 2.0))": -77.26900482177734,
    "(4, 0.2, (0.1, 4.5, 2.0))": -102.19422912597656,
    "(4, 0.4, (0.1, 4.5, 2.0))": -98.997802734375,
    "(4, 0.6, (0.1, 4.5, 2.0))": -95.17115020751953,
    "(4, 0.8, (0.1, 4.5, 2.0))": -92.88739013671875,
    "(4, 1.0, (0.1, 4.5, 2.0))": -89.8502197265625,
    "(4, 1.2, (0.1, 4.5, 2.0))": -85.76361083984375,
    "(4, 1.4, (0.1, 4.5, 2.0))": -83.33956146240234,
    "(4, 1.6, (0.1, 4.5, 2.0))": -81.75757598876953,
    "(4, 1.8, (0.1, 4.5, 2.0))": -79.34392547607422,
    "(4, 2.0, (0.1, 4.5, 2.0))": -77.1020278930664,
    "(4, 0.2, (0.1, 4.9, 2.0))": -101.32737731933594,
    "(4, 0.4, (0.1, 4.9, 2.0))": -97.17225646972656,
    "(4, 0.6, (0.1, 4.9, 2.0))": -92.63646697998047,
    "(4, 0.8, (0.1, 4.9, 2.0))": -91.27912902832031,
    "(4, 1.0, (0.1, 4.9, 2.0))": -89.35484313964844,
    "(4, 1.2, (0.1, 4.9, 2.0))": -86.24063873291016,
    "(4, 1.4, (0.1, 4.9, 2.0))": -83.46585083007812,
    "(4, 1.6, (0.1, 4.9, 2.0))": -82.10343933105469,
    "(4, 1.8, (0.1, 4.9, 2.0))": -80.4612045288086,
    "(4, 2.0, (0.1, 4.9, 2.0))": -76.94014739990234,
    "(4, 0.2, (0.1, 5.3, 2.0))": -98.23777770996094,
    "(4, 0.4, (0.1, 5.3, 2.0))": -93.78190612792969,
    "(4, 0.6, (0.1, 5.3, 2.0))": -90.02851867675781,
    "(4, 0.8, (0.1, 5.3, 2.0))": -87.27012634277344,
    "(4, 1.0, (0.1, 5.3, 2.0))": -84.95703887939453,
    "(4, 1.2, (0.1, 5.3, 2.0))": -82.94673919677734,
    "(4, 1.4, (0.1, 5.3, 2.0))": -82.12397003173828,
    "(4, 1.6, (0.1, 5.3, 2.0))": -80.37483215332031,
    "(4, 1.8, (0.1, 5.3, 2.0))": -78.78624725341797,
    "(4, 2.0, (0.1, 5.3, 2.0))": -78.36956787109375,
    "(4, 0.2, (0.1, 5.7, 2.0))": -97.71997833251953,
    "(4, 0.4, (0.1, 5.7, 2.0))": -92.43765258789062,
    "(4, 0.6, (0.1, 5.7, 2.0))": -89.27740478515625,
    "(4, 0.8, (0.1, 5.7, 2.0))": -86.77168273925781,
    "(4, 1.0, (0.1, 5.7, 2.0))": -84.93607330322266,
    "(4, 1.2, (0.1, 5.7, 2.0))": -83.07865142822266,
    "(4, 1.4, (0.1, 5.7, 2.0))": -81.82767486572266,
    "(4, 1.6, (0.1, 5.7, 2.0))": -81.63994598388672,
    "(4, 1.8, (0.1, 5.7, 2.0))": -80.9018783569336,
    "(4, 2.0, (0.1, 5.7, 2.0))": -80.72953796386719,
    "(4, 0.2, (0.1, 6.1, 2.0))": -96.56275939941406,
    "(4, 0.4, (0.1, 6.1, 2.0))": -91.48997497558594,
    "(4, 0.6, (0.1, 6.1, 2.0))": -87.920166015625,
    "(4, 0.8, (0.1, 6.1, 2.0))": -86.53801727294922,
    "(4, 1.0, (0.1, 6.1, 2.0))": -85.37652587890625,
    "(4, 1.2, (0.1, 6.1, 2.0))": -84.85041809082031,
    "(4, 1.4, (0.1, 6.1, 2.0))": -83.49205017089844,
    "(4, 1.6, (0.1, 6.1, 2.0))": -83.42337036132812,
    "(4, 1.8, (0.1, 6.1, 2.0))": -83.07887268066406,
    "(4, 2.0, (0.1, 6.1, 2.0))": -82.26883697509766,
    "(4, 0.2, (0.1, 6.5, 2.0))": -97.94853973388672,
    "(4, 0.4, (0.1, 6.5, 2.0))": -93.8044204711914,
    "(4, 0.6, (0.1, 6.5, 2.0))": -90.73505401611328,
    "(4, 0.8, (0.1, 6.5, 2.0))": -89.30925750732422,
    "(4, 1.0, (0.1, 6.5, 2.0))": -87.59334564208984,
    "(4, 1.2, (0.1, 6.5, 2.0))": -87.11769104003906,
    "(4, 1.4, (0.1, 6.5, 2.0))": -85.94657135009766,
    "(4, 1.6, (0.1, 6.5, 2.0))": -85.09986114501953,
    "(4, 1.8, (0.1, 6.5, 2.0))": -84.27625274658203,
    "(4, 2.0, (0.1, 6.5, 2.0))": -84.00896453857422,
    "no_RIS_contribution": -112.58379364013672
}