{
    "(2, 0.2, (0.1, 2.9, 2.0))": -111.25379180908203,
    "(2, 0.4, (0.1, 2.9, 2.0))": -106.99178314208984,
    "(2, 0.6, (0.1, 2.9, 2.0))": -103.78260040283203,
    "(2, 0.8, (0.1, 2.9, 2.0))": -101.07408142089844,
    "(2, 1.0, (0.1, 2.9, 2.0))": -99.33699035644531,
    "(2, 1.2, (0.1, 2.9, 2.0))": -98.02320098876953,
    "(2, 1.4, (0.1, 2.9, 2.0))": -96.28839874267578,
    "(2, 1.6, (0.1, 2.9, 2.0))": -95.31299591064453,
    "(2, 1.8, (0.1, 2.9, 2.0))": -94.78451538085938,
    "(2, 2.0, (0.1, 2.9, 2.0))": -93.670166015625,
    "(2, 0.2, (0.1, 3.3, 2.0))": -111.9657211303711,
    "(2, 0.4, (0.1, 3.3, 2.0))": -106.72185516357422,
    "(2, 0.6, (0.1, 3.3, 2.0))": -102.18193054199219,
    "(2, 0.8, (0.1, 3.3, 2.0))": -99.6985092163086,
    "(2, 1.0, (0.1, 3.3, 2.0))": -97.31077575683594,
    "(2, 1.2, (0.1, 3.3, 2.0))": -95.93694305419922,
    "(2, 1.4, (0.1, 3.3, 2.0))": -93.44557189941406,
    "(2, 1.6, (0.1, 3.3, 2.0))": -92.93684387207031,
    "(2, 1.8, (0.1, 3.3, 2.0))": -91.68572235107422,
    "(2, 2.0, (0.1, 3.3, 2.0))": -89.59957885742188,
    "(2, 0.2, (0.1, 3.7, 2.0))": -111.61351013183594,
    "(2, 0.4, (0.1, 3.7, 2.0))": -106.79130554199219,
    "(2, 0.6, (0.1, 3.7, 2.0))": -102.9166488647461,
    "(2, 0.8, (0.1, 3.7, 2.0))": -99.83574676513672,
    "(2, 1.0, (0.1, 3.7, 2.0))": -95.56025695800781,
    "(2, 1.2, (0.1, 3.7, 2.0))": -92.6380844116211,
    "(2, 1.4, (0.1, 3.7, 2.0))": -90.08297729492188,
    "(2, 1.6, (0.1, 3.7, 2.0))": -89.57935333251953,
    "(2, 1.8, (0.1, 3.7, 2.0))": -88.70504760742188,
    "(2, 2.0, (0.1, 3.7, 2.0))": -87.29029083251953,
    "(2, 0.2, (0.1, 4.1, 2.0))": -110.88790893554688,
    "(2, 0.4, (0.1, 4.1, 2.0))": -106.61851501464844,
    "(2, 0.6, (0.1, 4.1, 2.0))": -102.8244857788086,
    "(2, 0.8, (0.1, 4.1, 2.0))": -98.92404174804688,
    "(2, 1.0, (0.1, 4.1, 2.0))": -95.9401626586914,
    "(2, 1.2, (0.1, 4.1, 2.0))": -90.31596374511719,
    "(2, 1.4, (0.1, 4.1, 2.0))": -89.55357360839844,
    "(2, 1.6, (0.1, 4.1, 2.0))": -87.70980834960938,
    "(2, 1.8, (0.1, 4.1, 2.0))": -86.58128356933594,
    "(2, 2.0, (0.1, 4.1, 2.0))": -85.64554595947266,
    "(2, 0.2, (0.1, 4.5, 2.0))": -111.84356689453125,
    "(2, 0.4, (0.1, 4.5, 2.0))": -107.66092681884766,
    "(2, 0.6, (0.1, 4.5, 2.0))": -102.92559051513672,
    "(2, 0.8, (0.1, 4.5, 2.0))": -98.69193267822266,
    "(2, 1.0, (0.1, 4.5, 2.0))": -94.09963989257812,
    "(2, 1.2, (0.1, 4.5, 2.0))": -90.34662628173828,
    "(2, 1.4, (0.1, 4.5, 2.0))": -87.96257781982422,
    "(2, 1.6, (0.1, 4.5, 2.0))": -86.96489715576172,
    "(2, 1.8, (0.1, 4.5, 2.0))": -85.49939727783203,
    "(2, 2.0, (0.1, 4.5, 2.0))": -84.67754364013672,
    "(2, 0.2, (0.1, 4.9, 2.0))": -111.16018676757812,
    "(2, 0.4, (0.1, 4.9, 2.0))": -106.348876953125,
    "(2, 0.6, (0.1, 4.9, 2.0))": -102.31944274902344,
    "(2, 0.8, (0.1, 4.9, 2.0))": -97.515869140625,
    "(2, 1.0, (0.1, 4.9, 2.0))": -94.056640625,
    "(2, 1.2, (0.1, 4.9, 2.0))": -89.29643249511719,
    "(2, 1.4, (0.1, 4.9, 2.0))": -87.37520599365234,
    "(2, 1.6, (0.1, 4.9, 2.0))": -86.34646606445312,
    "(2, 1.8, (0.1, 4.9, 2.0))": -84.490234375,
    "(2, 2.0, (0.1, 4.9, 2.0))": -84.16154479980469,
    "(2, 0.2, (0.1, 5.3, 2.0))": -108.34469604492188,
    "(2, 0.4, (0.1, 5.3, 2.0))": -103.62094116210938,
    "(2, 0.6, (0.1, 5.3, 2.0))": -99.39636993408203,
    "(2, 0.8, (0.1, 5.3, 2.0))": -95.34132385253906,
    "(2, 1.0, (0.1, 5.3, 2.0))": -91.87840270996094,
    "(2, 1.2, (0.1, 5.3, 2.0))": -88.6395263671875,
    "(2, 1.4, (0.1, 5.3, 2.0))": -86.57894897460938,
    "(2, 1.6, (0.1, 5.3, 2.0))": -84.70924377441406,
    "(2, 1.8, (0.1, 5.3, 2.0))": -83.5994873046875,
    "(2, 2.0, (0.1, 5.3, 2.0))": -83.02218627929688,
    "(2, 0.2, (0.1, 5.7, 2.0))": -106.82749938964844,
    "(2, 0.4, (0.1, 5.7, 2.0))": -100.02393341064453,
    "(2, 0.6, (0.1, 5.7, 2.0))": -96.65338134765625,
    "(2, 0.8, (0.1, 5.7, 2.0))": -93.38296508789062,
    "(2, 1.0, (0.1, 5.7, 2.0))": -90.30997467041016,
    "(2, 1.2, (0.1, 5.7, 2.0))": -88.18246459960938,
    "(2, 1.4, (0.1, 5.7, 2.0))": -87.0285873413086,
    "(2, 1.6, (0.1, 5.7, 2.0))": -86.36256408691406,
    "(2, 1.8, (0.1, 5.7, 2.0))": -84.5713882446289,
    "(2, 2.0, (0.1, 5.7, 2.0))": -84.67436218261719,
    "(2, 0.2, (0.1, 6.1, 2.0))": -105.98255920410156,
    "(2, 0.4, (0.1, 6.1, 2.0))": -99.50900268554688,
    "(2, 0.6, (0.1, 6.1, 2.0))": -96.06180572509766,
    "(2, 0.8, (0.1, 6.1, 2.0))": -93.35095977783203,
    "(2, 1.0, (0.1, 6.1, 2.0))": -91.58807373046875,
    "(2, 1.2, (0.1, 6.1, 2.0))": -91.18412780761719,
    "(2, 1.4, (0.1, 6.1, 2.0))": -90.00630187988281,
    "(2, 1.6, (0.1, 6.1, 2.0))": -89.71625518798828,
    "(2, 1.8, (0.1, 6.1, 2.0))": -87.79499053955078,
    "(2, 2.0, (0.1, 6.1, 2.0))": -86.34528350830078,
    "(2, 0.2, (0.1, 6.5, 2.0))": -105.33647155761719,
    "(2, 0.4, (0.1, 6.5, 2.0))": -102.03650665283203,
    "(2, 0.6, (0.1, 6.5, 2.0))": -100.27976989746094,
    "(2, 0.8, (0.1, 6.5, 2.0))": -97.52195739746094,
    "(2, 1.0, (0.1, 6.5, 2.0))": -97.52596282958984,
    "(2, 1.2, (0.1, 6.5, 2.0))": -96.1210708618164,
    "(2, 1.4, (0.1, 6.5, 2.0))": -94.25772857666016,
    "(2, 1.6, (0.1, 6.5, 2.0))": -92.36167907714844,
    "(2, 1.8, (0.1, 6.5, 2.0))": -90.0696029663086,
    "(2, 2.0, (0.1, 6.5, 2.0))": -89.49210357666016,
    "(3, 0.2, (0.1, 2.9, 2.0))": -110.97347259521484,
    "(3, 0.4, (0.1, 2.9, 2.0))": -107.89311218261719,
    "(3, 0.6, (0.1, 2.9, 2.0))": -104.02630615234375,
    "(3, 0.8, (0.1, 2.9, 2.0))": -102.36425018310547,
    "(3, 1.0, (0.1, 2.9, 2.0))": -99.64065551757812,
    "(3, 1.2, (0.1, 2.9, 2.0))": -98.52943420410156,
    "(3, 1.4, (0.1, 2.9, 2.0))": -97.46812438964844,
    "(3, 1.6, (0.1, 2.9, 2.0))": -96.25856018066406,
    "(3, 1.8, (0.1, 2.9, 2.0))": -95.22179412841797,
    "(3, 2.0, (0.1, 2.9, 2.0))": -94.11515045166016,
    "(3, 0.2, (0.1, 3.3, 2.0))": -113.3526382446289,
    "(3, 0.4, (0.1, 3.3, 2.0))": -108.196533203125,
    "(3, 0.6, (0.1, 3.3, 2.0))": -104.3587417602539,
    "(3, 0.8, (0.1, 3.3, 2.0))": -100.28914642333984,
    "(3, 1.0, (0.1, 3.3, 2.0))": -98.27136993408203,
    "(3, 1.2, (0.1, 3.3, 2.0))": -96.36235809326172,
    "(3, 1.4, (0.1, 3.3, 2.0))": -94.29273223876953,
    "(3, 1.6, (0.1, 3.3, 2.0))": -93.11359405517578,
    "(3, 1.8, (0.1, 3.3, 2.0))": -91.81493377685547,
    "(3, 2.0, (0.1, 3.3, 2.0))": -90.46577453613281,
    "(3, 0.2, (0.1, 3.7, 2.0))": -110.63368225097656,
    "(3, 0.4, (0.1, 3.7, 2.0))": -106.77677154541016,
    "(3, 0.6, (0.1, 3.7, 2.0))": -103.40103149414062,
    "(3, 0.8, (0.1, 3.7, 2.0))": -100.24588012695312,
    "(3, 1.0, (0.1, 3.7, 2.0))": -95.90361022949219,
    "(3, 1.2, (0.1, 3.7, 2.0))": -92.49223327636719,
    "(3, 1.4, (0.1, 3.7, 2.0))": -91.44229888916016,
    "(3, 1.6, (0.1, 3.7, 2.0))": -90.40038299560547,
    "(3, 1.8, (0.1, 3.7, 2.0))": -89.3246078491211,
    "(3, 2.0, (0.1, 3.7, 2.0))": -88.47758483886719,
    "(3, 0.2, (0.1, 4.1, 2.0))": -110.82823181152344,
    "(3, 0.4, (0.1, 4.1, 2.0))": -106.96975708007812,
    "(3, 0.6, (0.1, 4.1, 2.0))": -102.00285339355469,
    "(3, 0.8, (0.1, 4.1, 2.0))": -98.53459930419922,
    "(3, 1.0, (0.1, 4.1, 2.0))": -94.98937225341797,
    "(3, 1.2, (0.1, 4.1, 2.0))": -91.80078125,
    "(3, 1.4, (0.1, 4.1, 2.0))": -89.90210723876953,
    "(3, 1.6, (0.1, 4.1, 2.0))": -88.31114196777344,
    "(3, 1.8, (0.1, 4.1, 2.0))": -87.57666015625,
    "(3, 2.0, (0.1, 4.1, 2.0))": -86.82408142089844,
    "(3, 0.2, (0.1, 4.5, 2.0))": -112.17723083496094,
    "(3, 0.4, (0.1, 4.5, 2.0))": -106.07369995117188,
    "(3, 0.6, (0.1, 4.5, 2.0))": -103.03022766113281,
    "(3, 0.8, (0.1, 4.5, 2.0))": -98.51197814941406,
    "(3, 1.0, (0.1, 4.5, 2.0))": -95.23600769042969,
    "(3, 1.2, (0.1, 4.5, 2.0))": -91.6279525756836,
    "(3, 1.4, (0.1, 4.5, 2.0))": -89.10890197753906,
    "(3, 1.6, (0.1, 4.5, 2.0))": -88.04644012451172,
    "(3, 1.8, (0.1, 4.5, 2.0))": -87.10523986816406,
    "(3, 2.0, (0.1, 4.5, 2.0))": -86.73661804199219,