{
    "(2, 0.5, (0.1, 2.5, 1.5))": 95.41832733154297,
    "(2, 1.0, (0.1, 2.5, 1.5))": 97.11155700683594,
    "(2, 1.5, (0.1, 2.5, 1.5))": 97.01195526123047,
    "(2, 2.0, (0.1, 2.5, 1.5))": 99.00398254394531,
    "(2, 0.5, (0.1, 2.9, 1.5))": 97.80876159667969,
    "(2, 1.0, (0.1, 2.9, 1.5))": 97.60955810546875,
    "(2, 1.5, (0.1, 2.9, 1.5))": 98.90438079833984,
    "(2, 2.0, (0.1, 2.9, 1.5))": 99.00398254394531,
    "(2, 0.5, (0.1, 3.3, 1.5))": 97.60955810546875,
    "(2, 1.0, (0.1, 3.3, 1.5))": 98.90438079833984,
    "(2, 1.5, (0.1, 3.3, 1.5))": 99.00398254394531,
    "(2, 2.0, (0.1, 3.3, 1.5))": 99.10358428955078,
    "(2, 0.5, (0.1, 3.7, 1.5))": 97.80876159667969,
    "(2, 1.0, (0.1, 3.7, 1.5))": 99.10358428955078,
    "(2, 1.5, (0.1, 3.7, 1.5))": 99.10358428955078,
    "(2, 2.0, (0.1, 3.7, 1.5))": 99.00398254394531,
    "(2, 0.5, (0.1, 4.1, 1.5))": 98.30677032470703,
    "(2, 1.0, (0.1, 4.1, 1.5))": 99.00398254394531,
    "(2, 1.5, (0.1, 4.1, 1.5))": 99.10358428955078,
    "(2, 2.0, (0.1, 4.1, 1.5))": 99.10358428955078,
    "(2, 0.5, (0.1, 4.5, 1.5))": 98.60557556152344,
    "(2, 1.0, (0.1, 4.5, 1.5))": 99.10358428955078,
    "(2, 1.5, (0.1, 4.5, 1.5))": 99.10358428955078,
    "(2, 2.0, (0.1, 4.5, 1.5))": 99.10358428955078,
    "(2, 0.5, (0.1, 4.9, 1.5))": 99.00398254394531,
    "(2, 1.0, (0.1, 4.9, 1.5))": 99.10358428955078,
    "(2, 1.5, (0.1, 4.9, 1.5))": 99.10358428955078,
    "(2, 2.0, (0.1, 4.9, 1.5))": 99.10358428955078,
    "(2, 0.5, (0.1, 5.3, 1.5))": 98.80477905273438,
    "(2, 1.0, (0.1, 5.3, 1.5))": 99.10358428955078,
    "(2, 1.5, (0.1, 5.3, 1.5))": 99.30278778076172,
    "(2, 2.0, (0.1, 5.3, 1.5))": 99.40238952636719,
    "(2, 0.5, (0.1, 5.7, 1.5))": 98.7051773071289,
    "(2, 1.0, (0.1, 5.7, 1.5))": 98.90438079833984,
    "(2, 1.5, (0.1, 5.7, 1.5))": 99.60159301757812,
    "(2, 2.0, (0.1, 5.7, 1.5))": 99.60159301757812,
    "(2, 0.5, (0.1, 6.1, 1.5))": 99.30278778076172,
    "(2, 1.0, (0.1, 6.1, 1.5))": 99.40238952636719,
    "(2, 1.5, (0.1, 6.1, 1.5))": 99.10358428955078,
    "(2, 2.0, (0.1, 6.1, 1.5))": 99.60159301757812,
    "(2, 0.5, (0.1, 6.5, 1.5))": 97.60955810546875,
    "(2, 1.0, (0.1, 6.5, 1.5))": 99.50199127197266,
    "(2, 1.5, (0.1, 6.5, 1.5))": 99.40238952636719,
    "(2, 2.0, (0.1, 6.5, 1.5))": 98.60557556152344,
    "no_RIS_contribution": 85.45816802978516
}