{
    "(2, 0.2, (0.1, 2.5, 2.0))": -93.66448974609375,
    "(2, 0.4, (0.1, 2.5, 2.0))": -88.02018737792969,
    "(2, 0.6, (0.1, 2.5, 2.0))": -85.97246551513672,
    "(2, 0.8, (0.1, 2.5, 2.0))": -84.62274932861328,
    "(2, 1.0, (0.1, 2.5, 2.0))": -83.34139251708984,
    "(2, 1.2, (0.1, 2.5, 2.0))": -82.56327056884766,
    "(2, 1.4, (0.1, 2.5, 2.0))": -82.15179443359375,
    "(2, 1.6, (0.1, 2.5, 2.0))": -81.71232604980469,
    "(2, 1.8, (0.1, 2.5, 2.0))": -81.11660766601562,
    "(2, 2.0, (0.1, 2.5, 2.0))": -80.76146697998047,
    "(2, 0.2, (0.1, 2.9, 2.0))": -91.60863494873047,
    "(2, 0.4, (0.1, 2.9, 2.0))": -86.63046264648438,
    "(2, 0.6, (0.1, 2.9, 2.0))": -84.49185943603516,
    "(2, 0.8, (0.1, 2.9, 2.0))": -83.23975372314453,
    "(2, 1.0, (0.1, 2.9, 2.0))": -82.2830810546875,
    "(2, 1.2, (0.1, 2.9, 2.0))": -81.75186920166016,
    "(2, 1.4, (0.1, 2.9, 2.0))": -81.18444061279297,
    "(2, 1.6, (0.1, 2.9, 2.0))": -80.8289566040039,
    "(2, 1.8, (0.1, 2.9, 2.0))": -80.43524169921875,
    "(2, 2.0, (0.1, 2.9, 2.0))": -79.99557495117188,
    "(2, 0.2, (0.1, 3.3, 2.0))": -90.37760162353516,
    "(2, 0.4, (0.1, 3.3, 2.0))": -86.56916809082031,
    "(2, 0.6, (0.1, 3.3, 2.0))": -84.14160919189453,
    "(2, 0.8, (0.1, 3.3, 2.0))": -82.81027221679688,
    "(2, 1.0, (0.1, 3.3, 2.0))": -81.90592193603516,
    "(2, 1.2, (0.1, 3.3, 2.0))": -81.0474624633789,
    "(2, 1.4, (0.1, 3.3, 2.0))": -80.51496887207031,
    "(2, 1.6, (0.1, 3.3, 2.0))": -79.98638153076172,
    "(2, 1.8, (0.1, 3.3, 2.0))": -79.74143981933594,
    "(2, 2.0, (0.1, 3.3, 2.0))": -79.43878173828125,
    "(2, 0.2, (0.1, 3.7, 2.0))": -89.99435424804688,
    "(2, 0.4, (0.1, 3.7, 2.0))": -86.42239379882812,
    "(2, 0.6, (0.1, 3.7, 2.0))": -83.88542175292969,
    "(2, 0.8, (0.1, 3.7, 2.0))": -82.7752685546875,
    "(2, 1.0, (0.1, 3.7, 2.0))": -81.59832763671875,
    "(2, 1.2, (0.1, 3.7, 2.0))": -80.91770935058594,
    "(2, 1.4, (0.1, 3.7, 2.0))": -80.00151062011719,
    "(2, 1.6, (0.1, 3.7, 2.0))": -79.64126586914062,
    "(2, 1.8, (0.1, 3.7, 2.0))": -79.21543884277344,
    "(2, 2.0, (0.1, 3.7, 2.0))": -78.76478576660156,
    "(2, 0.2, (0.1, 4.1, 2.0))": -89.72103881835938,
    "(2, 0.4, (0.1, 4.1, 2.0))": -86.1036376953125,
    "(2, 0.6, (0.1, 4.1, 2.0))": -83.82441711425781,
    "(2, 0.8, (0.1, 4.1, 2.0))": -82.5928726196289,
    "(2, 1.0, (0.1, 4.1, 2.0))": -81.47667694091797,
    "(2, 1.2, (0.1, 4.1, 2.0))": -80.45787811279297,
    "(2, 1.4, (0.1, 4.1, 2.0))": -79.82351684570312,
    "(2, 1.6, (0.1, 4.1, 2.0))": -79.54322052001953,
    "(2, 1.8, (0.1, 4.1, 2.0))": -79.12676239013672,
    "(2, 2.0, (0.1, 4.1, 2.0))": -78.39815521240234,
    "(2, 0.2, (0.1, 4.5, 2.0))": -89.56769561767578,
    "(2, 0.4, (0.1, 4.5, 2.0))": -85.7322998046875,
    "(2, 0.6, (0.1, 4.5, 2.0))": -83.7143325805664,
    "(2, 0.8, (0.1, 4.5, 2.0))": -82.27326202392578,
    "(2, 1.0, (0.1, 4.5, 2.0))": -81.2980728149414,
    "(2, 1.2, (0.1, 4.5, 2.0))": -80.3777084350586,
    "(2, 1.4, (0.1, 4.5, 2.0))": -79.69140625,
    "(2, 1.6, (0.1, 4.5, 2.0))": -79.3228530883789,
    "(2, 1.8, (0.1, 4.5, 2.0))": -78.79219818115234,
    "(2, 2.0, (0.1, 4.5, 2.0))": -78.2463150024414,
    "(2, 0.2, (0.1, 4.9, 2.0))": -89.451171875,
    "(2, 0.4, (0.1, 4.9, 2.0))": -85.37493133544922,
    "(2, 0.6, (0.1, 4.9, 2.0))": -83.44081115722656,
    "(2, 0.8, (0.1, 4.9, 2.0))": -82.03578186035156,
    "(2, 1.0, (0.1, 4.9, 2.0))": -81.00633239746094,
    "(2, 1.2, (0.1, 4.9, 2.0))": -80.31233215332031,
    "(2, 1.4, (0.1, 4.9, 2.0))": -79.65077209472656,
    "(2, 1.6, (0.1, 4.9, 2.0))": -79.0111083984375,
    "(2, 1.8, (0.1, 4.9, 2.0))": -78.52044677734375,
    "(2, 2.0, (0.1, 4.9, 2.0))": -78.23316955566406,
    "(2, 0.2, (0.1, 5.3, 2.0))": -89.42717742919922,
    "(2, 0.4, (0.1, 5.3, 2.0))": -85.16304016113281,
    "(2, 0.6, (0.1, 5.3, 2.0))": -83.13158416748047,
    "(2, 0.8, (0.1, 5.3, 2.0))": -81.87743377685547,
    "(2, 1.0, (0.1, 5.3, 2.0))": -80.78072357177734,
    "(2, 1.2, (0.1, 5.3, 2.0))": -80.0491714477539,
    "(2, 1.4, (0.1, 5.3, 2.0))": -79.4716567993164,
    "(2, 1.6, (0.1, 5.3, 2.0))": -78.82473754882812,
    "(2, 1.8, (0.1, 5.3, 2.0))": -78.33728790283203,
    "(2, 2.0, (0.1, 5.3, 2.0))": -78.24262237548828,
    "(2, 0.2, (0.1, 5.7, 2.0))": -89.37130737304688,
    "(2, 0.4, (0.1, 5.7, 2.0))": -84.97992706298828,
    "(2, 0.6, (0.1, 5.7, 2.0))": -82.88607025146484,
    "(2, 0.8, (0.1, 5.7, 2.0))": -81.75210571289062,
    "(2, 1.0, (0.1, 5.7, 2.0))": -80.64497375488281,
    "(2, 1.2, (0.1, 5.7, 2.0))": -79.82398223876953,
    "(2, 1.4, (0.1, 5.7, 2.0))": -79.31846618652344,
    "(2, 1.6, (0.1, 5.7, 2.0))": -79.02285766601562,
    "(2, 1.8, (0.1, 5.7, 2.0))": -78.78594970703125,
    "(2, 2.0, (0.1, 5.7, 2.0))": -78.69807434082031,
    "(2, 0.2, (0.1, 6.1, 2.0))": -89.54129028320312,
    "(2, 0.4, (0.1, 6.1, 2.0))": -84.81367492675781,
    "(2, 0.6, (0.1, 6.1, 2.0))": -82.7109603881836,
    "(2, 0.8, (0.1, 6.1, 2.0))": -81.714111328125,
    "(2, 1.0, (0.1, 6.1, 2.0))": -80.72345733642578,
    "(2, 1.2, (0.1, 6.1, 2.0))": -80.16355895996094,
    "(2, 1.4, (0.1, 6.1, 2.0))": -79.9638900756836,
    "(2, 1.6, (0.1, 6.1, 2.0))": -79.77082061767578,
    "(2, 1.8, (0.1, 6.1, 2.0))": -79.43704223632812,
    "(2, 2.0, (0.1, 6.1, 2.0))": -79.12892150878906,
    "(2, 0.2, (0.1, 6.5, 2.0))": -90.40634155273438,
    "(2, 0.4, (0.1, 6.5, 2.0))": -85.74149322509766,
    "(2, 0.6, (0.1, 6.5, 2.0))": -83.55806732177734,
    "(2, 0.8, (0.1, 6.5, 2.0))": -82.51847076416016,
    "(2, 1.0, (0.1, 6.5, 2.0))": -81.67594909667969,
    "(2, 1.2, (0.1, 6.5, 2.0))": -81.15603637695312,
    "(2, 1.4, (0.1, 6.5, 2.0))": -80.84749603271484,
    "(2, 1.6, (0.1, 6.5, 2.0))": -80.52449035644531,
    "(2, 1.8, (0.1, 6.5, 2.0))": -80.13640594482422,
    "(2, 2.0, (0.1, 6.5, 2.0))": -79.81456756591797,
    "(3, 0.2, (0.1, 2.9, 2.0))": -91.1012954711914,
    "(3, 0.4, (0.1, 2.9, 2.0))": -89.57148742675781,
    "(3, 0.6, (0.1, 2.9, 2.0))": -85.65928649902344,
    "(3, 0.8, (0.1, 2.9, 2.0))": -83.32598114013672,
    "(3, 1.0, (0.1, 2.9, 2.0))": -82.49583435058594,
    "(3, 1.2, (0.1, 2.9, 2.0))": -81.9711685180664,
    "(3, 1.4, (0.1, 2.9, 2.0))": -80.67288970947266,
    "(3, 1.6, (0.1, 2.9, 2.0))": -80.12857818603516,
    "(3, 1.8, (0.1, 2.9, 2.0))": -80.32545471191406,
    "(3, 2.0, (0.1, 2.9, 2.0))": -80.48686218261719,
    "(3, 0.2, (0.1, 3.3, 2.0))": -89.61439514160156,
    "(3, 0.4, (0.1, 3.3, 2.0))": -87.86653900146484,
    "(3, 0.6, (0.1, 3.3, 2.0))": -85.84355163574219,
    "(3, 0.8, (0.1, 3.3, 2.0))": -83.385986328125,
    "(3, 1.0, (0.1, 3.3, 2.0))": -81.55522155761719,
    "(3, 1.2, (0.1, 3.3, 2.0))": -81.29694366455078,
    "(3, 1.4, (0.1, 3.3, 2.0))": -81.12408447265625,
    "(3, 1.6, (0.1, 3.3, 2.0))": -80.32447814941406,
    "(3, 1.8, (0.1, 3.3, 2.0))": -79.19723510742188,
    "(3, 2.0, (0.1, 3.3, 2.0))": -78.87482452392578,
    "(3, 0.2, (0.1, 3.7, 2.0))": -88.9818344116211,
    "(3, 0.4, (0.1, 3.7, 2.0))": -87.0940170288086,
    "(3, 0.6, (0.1, 3.7, 2.0))": -86.00353240966797,
    "(3, 0.8, (0.1, 3.7, 2.0))": -83.73915100097656,
    "(3, 1.0, (0.1, 3.7, 2.0))": -81.72736358642578,
    "(3, 1.2, (0.1, 3.7, 2.0))": -80.4170913696289,
    "(3, 1.4, (0.1, 3.7, 2.0))": -80.11973571777344,
    "(3, 1.6, (0.1, 3.7, 2.0))": -80.04824829101562,
    "(3, 1.8, (0.1, 3.7, 2.0))": -79.4209976196289,
    "(3, 2.0, (0.1, 3.7, 2.0))": -78.99150848388672,
    "(3, 0.2, (0.1, 4.1, 2.0))": -88.4264907836914,
    "(3, 0.4, (0.1, 4.1, 2.0))": -86.14957427978516,
    "(3, 0.6, (0.1, 4.1, 2.0))": -85.30867767333984,
    "(3, 0.8, (0.1, 4.1, 2.0))": -84.26041412353516,
    "(3, 1.0, (0.1, 4.1, 2.0))": -82.55438232421875,
    "(3, 1.2, (0.1, 4.1, 2.0))": -81.0624008178711,
    "(3, 1.4, (0.1, 4.1, 2.0))": -79.65640258789062,
    "(3, 1.6, (0.1, 4.1, 2.0))": -79.00154876708984,
    "(3, 1.8, (0.1, 4.1, 2.0))": -78.7828369140625,
    "(3, 2.0, (0.1, 4.1, 2.0))": -78.8326416015625,
    "(3, 0.2, (0.1, 4.5, 2.0))": -87.96533966064453,