{
    "(3, 0.5, (0.1, 2.4, 2.0))": 99.34101867675781,
    "(3, 1.0, (0.1, 2.4, 2.0))": 99.42339324951172,
    "(3, 1.5, (0.1, 2.4, 2.0))": 99.6705093383789,
    "(3, 0.5, (0.1, 2.8, 2.0))": 99.50576782226562,
    "(3, 1.0, (0.1, 2.8, 2.0))": 99.588134765625,
    "(3, 1.5, (0.1, 2.8, 2.0))": 99.83525848388672,
    "(3, 0.5, (0.1, 3.2, 2.0))": 99.588134765625,
    "(3, 1.0, (0.1, 3.2, 2.0))": 99.588134765625,
    "(3, 1.5, (0.1, 3.2, 2.0))": 99.75288391113281,
    "(3, 0.5, (0.1, 3.6, 2.0))": 99.588134765625,
    "(3, 1.0, (0.1, 3.6, 2.0))": 99.6705093383789,
    "(3, 1.5, (0.1, 3.6, 2.0))": 99.75288391113281,
    "(3, 0.5, (0.1, 4.0, 2.0))": 99.588134765625,
    "(3, 1.0, (0.1, 4.0, 2.0))": 99.50576782226562,
    "(3, 1.5, (0.1, 4.0, 2.0))": 99.6705093383789,
    "no_RIS_contribution": 95.55189514160156
}