{
    "(3, 0.5, (0.1, 2.4, 2.0))": -88.84425354003906,
    "(3, 1.0, (0.1, 2.4, 2.0))": -85.21766662597656,
    "(3, 1.5, (0.1, 2.4, 2.0))": -83.59749603271484,
    "(3, 0.5, (0.1, 2.8, 2.0))": -87.96593475341797,
    "(3, 1.0, (0.1, 2.8, 2.0))": -84.84630584716797,
    "(3, 1.5, (0.1, 2.8, 2.0))": -83.16715240478516,
    "(3, 0.5, (0.1, 3.2, 2.0))": -87.39431762695312,
    "(3, 1.0, (0.1, 3.2, 2.0))": -84.67176055908203,
    "(3, 1.5, (0.1, 3.2, 2.0))": -82.99371337890625,
    "(3, 0.5, (0.1, 3.6, 2.0))": -87.15523529052734,
    "(3, 1.0, (0.1, 3.6, 2.0))": -84.47318267822266,
    "(3, 1.5, (0.1, 3.6, 2.0))": -82.79150390625,
    "(3, 0.5, (0.1, 4.0, 2.0))": -87.27127838134766,
    "(3, 1.0, (0.1, 4.0, 2.0))": -84.6319808959961,
    "(3, 1.5, (0.1, 4.0, 2.0))": -82.80854797363281,
    "no_RIS_contribution": -102.83810424804688
}