{
    "(2, 0.2, (0.1, 2.5, 2.0))": 93.52589416503906,
    "(2, 0.4, (0.1, 2.5, 2.0))": 94.0239028930664,
    "(2, 0.6, (0.1, 2.5, 2.0))": 95.0199203491211,
    "(2, 0.8, (0.1, 2.5, 2.0))": 95.6175308227539,
    "(2, 1.0, (0.1, 2.5, 2.0))": 96.6135482788086,
    "(2, 1.2, (0.1, 2.5, 2.0))": 96.6135482788086,
    "(2, 1.4, (0.1, 2.5, 2.0))": 95.3187255859375,
    "(2, 1.6, (0.1, 2.5, 2.0))": 95.51792907714844,
    "(2, 1.8, (0.1, 2.5, 2.0))": 97.60955810546875,
    "(2, 2.0, (0.1, 2.5, 2.0))": 95.91633605957031,
    "(2, 0.2, (0.1, 2.9, 2.0))": 96.71315002441406,
    "(2, 0.4, (0.1, 2.9, 2.0))": 96.912353515625,
    "(2, 0.6, (0.1, 2.9, 2.0))": 97.50995635986328,
    "(2, 0.8, (0.1, 2.9, 2.0))": 97.2111587524414,
    "(2, 1.0, (0.1, 2.9, 2.0))": 96.01593780517578,
    "(2, 1.2, (0.1, 2.9, 2.0))": 97.60955810546875,
    "(2, 1.4, (0.1, 2.9, 2.0))": 97.31076049804688,
    "(2, 1.6, (0.1, 2.9, 2.0))": 96.51394653320312,
    "(2, 1.8, (0.1, 2.9, 2.0))": 97.01195526123047,
    "(2, 2.0, (0.1, 2.9, 2.0))": 97.01195526123047,
    "(2, 0.2, (0.1, 3.3, 2.0))": 98.90438079833984,
    "(2, 0.4, (0.1, 3.3, 2.0))": 97.41036224365234,
    "(2, 0.6, (0.1, 3.3, 2.0))": 96.912353515625,
    "(2, 0.8, (0.1, 3.3, 2.0))": 98.50597381591797,
    "(2, 1.0, (0.1, 3.3, 2.0))": 97.70915985107422,
    "(2, 1.2, (0.1, 3.3, 2.0))": 97.2111587524414,
    "(2, 1.4, (0.1, 3.3, 2.0))": 98.90438079833984,
    "(2, 1.6, (0.1, 3.3, 2.0))": 97.60955810546875,
    "(2, 1.8, (0.1, 3.3, 2.0))": 97.80876159667969,
    "(2, 2.0, (0.1, 3.3, 2.0))": 97.60955810546875,
    "(2, 0.2, (0.1, 3.7, 2.0))": 99.00398254394531,
    "(2, 0.4, (0.1, 3.7, 2.0))": 96.912353515625,
    "(2, 0.6, (0.1, 3.7, 2.0))": 97.80876159667969,
    "(2, 0.8, (0.1, 3.7, 2.0))": 97.90836334228516,
    "(2, 1.0, (0.1, 3.7, 2.0))": 99.00398254394531,
    "(2, 1.2, (0.1, 3.7, 2.0))": 98.90438079833984,
    "(2, 1.4, (0.1, 3.7, 2.0))": 98.60557556152344,
    "(2, 1.6, (0.1, 3.7, 2.0))": 98.90438079833984,
    "(2, 1.8, (0.1, 3.7, 2.0))": 98.1075668334961,
    "(2, 2.0, (0.1, 3.7, 2.0))": 98.60557556152344,
    "(2, 0.2, (0.1, 4.1, 2.0))": 99.00398254394531,
    "(2, 0.4, (0.1, 4.1, 2.0))": 97.11155700683594,
    "(2, 0.6, (0.1, 4.1, 2.0))": 97.90836334228516,
    "(2, 0.8, (0.1, 4.1, 2.0))": 98.4063720703125,
    "(2, 1.0, (0.1, 4.1, 2.0))": 98.7051773071289,
    "(2, 1.2, (0.1, 4.1, 2.0))": 98.80477905273438,
    "(2, 1.4, (0.1, 4.1, 2.0))": 98.60557556152344,
    "(2, 1.6, (0.1, 4.1, 2.0))": 99.00398254394531,
    "(2, 1.8, (0.1, 4.1, 2.0))": 99.00398254394531,
    "(2, 2.0, (0.1, 4.1, 2.0))": 99.00398254394531,
    "(2, 0.2, (0.1, 4.5, 2.0))": 98.90438079833984,
    "(2, 0.4, (0.1, 4.5, 2.0))": 97.41036224365234,
    "(2, 0.6, (0.1, 4.5, 2.0))": 97.31076049804688,
    "(2, 0.8, (0.1, 4.5, 2.0))": 98.4063720703125,
    "(2, 1.0, (0.1, 4.5, 2.0))": 98.50597381591797,
    "(2, 1.2, (0.1, 4.5, 2.0))": 99.00398254394531,
    "(2, 1.4, (0.1, 4.5, 2.0))": 98.90438079833984,
    "(2, 1.6, (0.1, 4.5, 2.0))": 99.00398254394531,
    "(2, 1.8, (0.1, 4.5, 2.0))": 99.00398254394531,
    "(2, 2.0, (0.1, 4.5, 2.0))": 99.00398254394531,
    "(2, 0.2, (0.1, 4.9, 2.0))": 98.90438079833984,
    "(2, 0.4, (0.1, 4.9, 2.0))": 97.60955810546875,
    "(2, 0.6, (0.1, 4.9, 2.0))": 97.50995635986328,
    "(2, 0.8, (0.1, 4.9, 2.0))": 98.50597381591797,
    "(2, 1.0, (0.1, 4.9, 2.0))": 98.4063720703125,
    "(2, 1.2, (0.1, 4.9, 2.0))": 99.00398254394531,
    "(2, 1.4, (0.1, 4.9, 2.0))": 99.00398254394531,
    "(2, 1.6, (0.1, 4.9, 2.0))": 99.00398254394531,
    "(2, 1.8, (0.1, 4.9, 2.0))": 99.10358428955078,
    "(2, 2.0, (0.1, 4.9, 2.0))": 99.10358428955078,
    "(2, 0.2, (0.1, 5.3, 2.0))": 98.80477905273438,
    "(2, 0.4, (0.1, 5.3, 2.0))": 97.90836334228516,
    "(2, 0.6, (0.1, 5.3, 2.0))": 97.60955810546875,
    "(2, 0.8, (0.1, 5.3, 2.0))": 98.80477905273438,
    "(2, 1.0, (0.1, 5.3, 2.0))": 98.80477905273438,
    "(2, 1.2, (0.1, 5.3, 2.0))": 98.90438079833984,
    "(2, 1.4, (0.1, 5.3, 2.0))": 98.80477905273438,
    "(2, 1.6, (0.1, 5.3, 2.0))": 99.30278778076172,
    "(2, 1.8, (0.1, 5.3, 2.0))": 99.20318603515625,
    "(2, 2.0, (0.1, 5.3, 2.0))": 99.10358428955078,
    "(2, 0.2, (0.1, 5.7, 2.0))": 98.50597381591797,
    "(2, 0.4, (0.1, 5.7, 2.0))": 97.70915985107422,
    "(2, 0.6, (0.1, 5.7, 2.0))": 97.80876159667969,
    "(2, 0.8, (0.1, 5.7, 2.0))": 99.00398254394531,
    "(2, 1.0, (0.1, 5.7, 2.0))": 98.90438079833984,
    "(2, 1.2, (0.1, 5.7, 2.0))": 99.50199127197266,
    "(2, 1.4, (0.1, 5.7, 2.0))": 99.50199127197266,
    "(2, 1.6, (0.1, 5.7, 2.0))": 99.7011947631836,
    "(2, 1.8, (0.1, 5.7, 2.0))": 99.20318603515625,
    "(2, 2.0, (0.1, 5.7, 2.0))": 99.80079650878906,
    "(2, 0.2, (0.1, 6.1, 2.0))": 97.70915985107422,
    "(2, 0.4, (0.1, 6.1, 2.0))": 98.4063720703125,
    "(2, 0.6, (0.1, 6.1, 2.0))": 98.60557556152344,
    "(2, 0.8, (0.1, 6.1, 2.0))": 97.31076049804688,
    "(2, 1.0, (0.1, 6.1, 2.0))": 98.60557556152344,
    "(2, 1.2, (0.1, 6.1, 2.0))": 99.40238952636719,
    "(2, 1.4, (0.1, 6.1, 2.0))": 98.20716857910156,
    "(2, 1.6, (0.1, 6.1, 2.0))": 98.20716857910156,
    "(2, 1.8, (0.1, 6.1, 2.0))": 99.7011947631836,
    "(2, 2.0, (0.1, 6.1, 2.0))": 98.60557556152344,
    "(2, 0.2, (0.1, 6.5, 2.0))": 95.3187255859375,
    "(2, 0.4, (0.1, 6.5, 2.0))": 95.91633605957031,
    "(2, 0.6, (0.1, 6.5, 2.0))": 95.91633605957031,
    "(2, 0.8, (0.1, 6.5, 2.0))": 97.41036224365234,
    "(2, 1.0, (0.1, 6.5, 2.0))": 98.50597381591797,
    "(2, 1.2, (0.1, 6.5, 2.0))": 98.20716857910156,
    "(2, 1.4, (0.1, 6.5, 2.0))": 97.11155700683594,
    "(2, 1.6, (0.1, 6.5, 2.0))": 98.60557556152344,
    "(2, 1.8, (0.1, 6.5, 2.0))": 98.50597381591797,
    "(2, 2.0, (0.1, 6.5, 2.0))": 97.50995635986328,
    "(3, 0.2, (0.1, 2.9, 2.0))": 96.81275177001953,
    "(3, 0.4, (0.1, 2.9, 2.0))": 96.21514129638672,
    "(3, 0.6, (0.1, 2.9, 2.0))": 98.1075668334961,
    "(3, 0.8, (0.1, 2.9, 2.0))": 98.80477905273438,
    "(3, 1.0, (0.1, 2.9, 2.0))": 96.912353515625,
    "(3, 1.2, (0.1, 2.9, 2.0))": 97.31076049804688,
    "(3, 1.4, (0.1, 2.9, 2.0))": 98.1075668334961,
    "(3, 1.6, (0.1, 2.9, 2.0))": 98.1075668334961,
    "(3, 1.8, (0.1, 2.9, 2.0))": 96.81275177001953,
    "(3, 2.0, (0.1, 2.9, 2.0))": 97.11155700683594,
    "(3, 0.2, (0.1, 3.3, 2.0))": 99.00398254394531,
    "(3, 0.4, (0.1, 3.3, 2.0))": 98.80477905273438,
    "(3, 0.6, (0.1, 3.3, 2.0))": 98.20716857910156,
    "(3, 0.8, (0.1, 3.3, 2.0))": 97.41036224365234,
    "(3, 1.0, (0.1, 3.3, 2.0))": 98.50597381591797,
    "(3, 1.2, (0.1, 3.3, 2.0))": 97.41036224365234,
    "(3, 1.4, (0.1, 3.3, 2.0))": 97.70915985107422,
    "(3, 1.6, (0.1, 3.3, 2.0))": 98.20716857910156,
    "(3, 1.8, (0.1, 3.3, 2.0))": 98.80477905273438,
    "(3, 2.0, (0.1, 3.3, 2.0))": 98.60557556152344,
    "(3, 0.2, (0.1, 3.7, 2.0))": 99.00398254394531,
    "(3, 0.4, (0.1, 3.7, 2.0))": 98.80477905273438,
    "(3, 0.6, (0.1, 3.7, 2.0))": 98.1075668334961,
    "(3, 0.8, (0.1, 3.7, 2.0))": 99.00398254394531,
    "(3, 1.0, (0.1, 3.7, 2.0))": 98.90438079833984,
    "(3, 1.2, (0.1, 3.7, 2.0))": 99.00398254394531,
    "(3, 1.4, (0.1, 3.7, 2.0))": 99.00398254394531,
    "(3, 1.6, (0.1, 3.7, 2.0))": 98.90438079833984,
    "(3, 1.8, (0.1, 3.7, 2.0))": 98.20716857910156,
    "(3, 2.0, (0.1, 3.7, 2.0))": 98.50597381591797,
    "(3, 0.2, (0.1, 4.1, 2.0))": 99.00398254394531,
    "(3, 0.4, (0.1, 4.1, 2.0))": 98.7051773071289,
    "(3, 0.6, (0.1, 4.1, 2.0))": 98.30677032470703,
    "(3, 0.8, (0.1, 4.1, 2.0))": 98.50597381591797,
    "(3, 1.0, (0.1, 4.1, 2.0))": 99.00398254394531,
    "(3, 1.2, (0.1, 4.1, 2.0))": 98.90438079833984,
    "(3, 1.4, (0.1, 4.1, 2.0))": 98.90438079833984,
    "(3, 1.6, (0.1, 4.1, 2.0))": 98.80477905273438,
    "(3, 1.8, (0.1, 4.1, 2.0))": 98.80477905273438,
    "(3, 2.0, (0.1, 4.1, 2.0))": 98.90438079833984,
    "(3, 0.2, (0.1, 4.5, 2.0))": 98.90438079833984,
    "(3, 0.4, (0.1, 4.5, 2.0))": 98.4063720703125,
    "(3, 0.6, (0.1, 4.5, 2.0))": 98.20716857910156,
    "(3, 0.8, (0.1, 4.5, 2.0))": 97.90836334228516,