{
    "(2, 0.5, (0.1, 2.5, 2.0))": 94.62151336669922,
    "(2, 1.0, (0.1, 2.5, 2.0))": 96.71315002441406,
    "(2, 1.5, (0.1, 2.5, 2.0))": 95.81673431396484,
    "(2, 2.0, (0.1, 2.5, 2.0))": 97.80876159667969,
    "(2, 0.5, (0.1, 2.9, 2.0))": 97.50995635986328,
    "(2, 1.0, (0.1, 2.9, 2.0))": 96.51394653320312,
    "(2, 1.5, (0.1, 2.9, 2.0))": 98.20716857910156,
    "(2, 2.0, (0.1, 2.9, 2.0))": 98.20716857910156,
    "(2, 0.5, (0.1, 3.3, 2.0))": 96.912353515625,
    "(2, 1.0, (0.1, 3.3, 2.0))": 98.80477905273438,
    "(2, 1.5, (0.1, 3.3, 2.0))": 99.00398254394531,
    "(2, 2.0, (0.1, 3.3, 2.0))": 98.60557556152344,
    "(2, 0.5, (0.1, 3.7, 2.0))": 97.50995635986328,
    "(2, 1.0, (0.1, 3.7, 2.0))": 98.7051773071289,
    "(2, 1.5, (0.1, 3.7, 2.0))": 98.4063720703125,
    "(2, 2.0, (0.1, 3.7, 2.0))": 98.50597381591797,
    "(2, 0.5, (0.1, 4.1, 2.0))": 97.60955810546875,
    "(2, 1.0, (0.1, 4.1, 2.0))": 98.4063720703125,
    "(2, 1.5, (0.1, 4.1, 2.0))": 99.10358428955078,
    "(2, 2.0, (0.1, 4.1, 2.0))": 99.10358428955078,
    "(2, 0.5, (0.1, 4.5, 2.0))": 97.70915985107422,
    "(2, 1.0, (0.1, 4.5, 2.0))": 98.80477905273438,
    "(2, 1.5, (0.1, 4.5, 2.0))": 99.10358428955078,
    "(2, 2.0, (0.1, 4.5, 2.0))": 99.10358428955078,
    "(2, 0.5, (0.1, 4.9, 2.0))": 97.80876159667969,
    "(2, 1.0, (0.1, 4.9, 2.0))": 98.90438079833984,
    "(2, 1.5, (0.1, 4.9, 2.0))": 99.10358428955078,
    "(2, 2.0, (0.1, 4.9, 2.0))": 99.10358428955078,
    "(2, 0.5, (0.1, 5.3, 2.0))": 97.80876159667969,
    "(2, 1.0, (0.1, 5.3, 2.0))": 99.10358428955078,
    "(2, 1.5, (0.1, 5.3, 2.0))": 99.30278778076172,
    "(2, 2.0, (0.1, 5.3, 2.0))": 99.30278778076172,
    "(2, 0.5, (0.1, 5.7, 2.0))": 97.70915985107422,
    "(2, 1.0, (0.1, 5.7, 2.0))": 98.7051773071289,
    "(2, 1.5, (0.1, 5.7, 2.0))": 99.60159301757812,
    "(2, 2.0, (0.1, 5.7, 2.0))": 99.60159301757812,
    "(2, 0.5, (0.1, 6.1, 2.0))": 99.10358428955078,
    "(2, 1.0, (0.1, 6.1, 2.0))": 99.20318603515625,
    "(2, 1.5, (0.1, 6.1, 2.0))": 99.10358428955078,
    "(2, 2.0, (0.1, 6.1, 2.0))": 98.7051773071289,
    "(2, 0.5, (0.1, 6.5, 2.0))": 97.01195526123047,
    "(2, 1.0, (0.1, 6.5, 2.0))": 99.00398254394531,
    "(2, 1.5, (0.1, 6.5, 2.0))": 98.50597381591797,
    "(2, 2.0, (0.1, 6.5, 2.0))": 97.80876159667969,
    "no_RIS_contribution": 85.45816802978516
}