{
    "(1, 0.2, (0.1, 2.1, 2.0))": -101.33304595947266,
    "(1, 0.6, (0.1, 2.1, 2.0))": -94.84429931640625,
    "(1, 1.0, (0.1, 2.1, 2.0))": -90.65159606933594,
    "(1, 2.0, (0.1, 2.1, 2.0))": -85.1229248046875,
    "(1, 0.2, (0.1, 2.5, 2.0))": -100.23905181884766,
    "(1, 0.6, (0.1, 2.5, 2.0))": -92.15595245361328,
    "(1, 1.0, (0.1, 2.5, 2.0))": -87.31342315673828,
    "(1, 2.0, (0.1, 2.5, 2.0))": -82.24317169189453,
    "(1, 0.2, (0.1, 2.9, 2.0))": -100.27349090576172,
    "(1, 0.6, (0.1, 2.9, 2.0))": -91.6783676147461,
    "(1, 1.0, (0.1, 2.9, 2.0))": -86.21481323242188,
    "(1, 2.0, (0.1, 2.9, 2.0))": -79.85951232910156,
    "(1, 0.2, (0.1, 3.3, 2.0))": -100.04386901855469,
    "(1, 0.6, (0.1, 3.3, 2.0))": -92.09394836425781,
    "(1, 1.0, (0.1, 3.3, 2.0))": -87.02433013916016,
    "(1, 2.0, (0.1, 3.3, 2.0))": -80.22149658203125,
    "(1, 0.2, (0.1, 3.7, 2.0))": -100.69159698486328,
    "(1, 0.6, (0.1, 3.7, 2.0))": -94.94524383544922,
    "(1, 1.0, (0.1, 3.7, 2.0))": -90.4671630859375,
    "(1, 2.0, (0.1, 3.7, 2.0))": -81.99752807617188,
    "(1, 0.2, (0.1, 4.1, 2.0))": -102.10476684570312,
    "(1, 0.6, (0.1, 4.1, 2.0))": -95.7047348022461,
    "(1, 1.0, (0.1, 4.1, 2.0))": -91.19775390625,
    "(1, 2.0, (0.1, 4.1, 2.0))": -82.08165740966797,
    "(1, 0.2, (0.1, 4.5, 2.0))": -101.1484375,
    "(1, 0.6, (0.1, 4.5, 2.0))": -94.54957580566406,
    "(1, 1.0, (0.1, 4.5, 2.0))": -90.7589340209961,
    "(1, 2.0, (0.1, 4.5, 2.0))": -82.39266967773438,
    "(1, 0.2, (0.1, 4.9, 2.0))": -99.05536651611328,
    "(1, 0.6, (0.1, 4.9, 2.0))": -92.64920806884766,
    "(1, 1.0, (0.1, 4.9, 2.0))": -89.5765609741211,
    "(1, 2.0, (0.1, 4.9, 2.0))": -82.95925903320312,
    "(1, 0.2, (0.1, 5.3, 2.0))": -100.8215103149414,
    "(1, 0.6, (0.1, 5.3, 2.0))": -96.98934173583984,
    "(1, 1.0, (0.1, 5.3, 2.0))": -93.33062744140625,
    "(1, 2.0, (0.1, 5.3, 2.0))": -86.01971435546875,
    "(1, 0.2, (0.1, 5.7, 2.0))": -99.11383056640625,
    "(1, 0.6, (0.1, 5.7, 2.0))": -95.32032012939453,
    "(1, 1.0, (0.1, 5.7, 2.0))": -91.87579345703125,
    "(1, 2.0, (0.1, 5.7, 2.0))": -83.71372985839844,
    "(1, 0.2, (0.1, 6.1, 2.0))": -97.57884216308594,
    "(1, 0.6, (0.1, 6.1, 2.0))": -91.5701675415039,
    "(1, 1.0, (0.1, 6.1, 2.0))": -88.6384048461914,
    "(1, 2.0, (0.1, 6.1, 2.0))": -82.75563049316406,
    "(6, 0.2, (0.1, 2.9, 2.0))": -96.68236541748047,
    "(6, 0.6, (0.1, 2.9, 2.0))": -91.02317810058594,
    "(6, 1.0, (0.1, 2.9, 2.0))": -88.51817321777344,
    "(6, 2.0, (0.1, 2.9, 2.0))": -84.56608581542969,
    "(6, 0.2, (0.1, 3.3, 2.0))": -96.70650482177734,
    "(6, 0.6, (0.1, 3.3, 2.0))": -88.12716674804688,
    "(6, 1.0, (0.1, 3.3, 2.0))": -85.40912628173828,
    "(6, 2.0, (0.1, 3.3, 2.0))": -82.43330383300781,
    "(6, 0.2, (0.1, 3.7, 2.0))": -96.27363586425781,
    "(6, 0.6, (0.1, 3.7, 2.0))": -88.44741821289062,
    "(6, 1.0, (0.1, 3.7, 2.0))": -83.64813995361328,
    "(6, 2.0, (0.1, 3.7, 2.0))": -79.52841186523438,
    "(6, 0.2, (0.1, 4.1, 2.0))": -96.6012191772461,
    "(6, 0.6, (0.1, 4.1, 2.0))": -87.29779815673828,
    "(6, 1.0, (0.1, 4.1, 2.0))": -82.86463928222656,
    "(6, 2.0, (0.1, 4.1, 2.0))": -78.22755432128906,
    "(6, 0.2, (0.1, 4.5, 2.0))": -95.66529846191406,
    "(6, 0.6, (0.1, 4.5, 2.0))": -85.85242462158203,
    "(6, 1.0, (0.1, 4.5, 2.0))": -82.46194458007812,
    "(6, 2.0, (0.1, 4.5, 2.0))": -77.97957611083984,
    "(6, 0.2, (0.1, 4.9, 2.0))": -94.62275695800781,
    "(6, 0.6, (0.1, 4.9, 2.0))": -85.68599700927734,
    "(6, 1.0, (0.1, 4.9, 2.0))": -82.41159057617188,
    "(6, 2.0, (0.1, 4.9, 2.0))": -77.96077728271484,
    "(6, 0.2, (0.1, 5.3, 2.0))": -96.66483306884766,
    "(6, 0.6, (0.1, 5.3, 2.0))": -86.80510711669922,
    "(6, 1.0, (0.1, 5.3, 2.0))": -82.24212646484375,
    "(6, 2.0, (0.1, 5.3, 2.0))": -78.32064056396484,
    "(6, 0.2, (0.1, 5.7, 2.0))": -95.40535736083984,
    "(6, 0.6, (0.1, 5.7, 2.0))": -87.84181213378906,
    "(6, 1.0, (0.1, 5.7, 2.0))": -83.62936401367188,
    "(6, 2.0, (0.1, 5.7, 2.0))": -80.4163589477539,
    "(6, 0.2, (0.1, 6.1, 2.0))": -95.744384765625,
    "(6, 0.6, (0.1, 6.1, 2.0))": -87.87069702148438,
    "(6, 1.0, (0.1, 6.1, 2.0))": -85.55025482177734,
    "(6, 2.0, (0.1, 6.1, 2.0))": -82.50474548339844,
    "(7, 0.2, (0.1, 2.9, 2.0))": -98.59886932373047,
    "(7, 0.6, (0.1, 2.9, 2.0))": -91.40934753417969,
    "(7, 1.0, (0.1, 2.9, 2.0))": -88.67131042480469,
    "(7, 2.0, (0.1, 2.9, 2.0))": -85.8040542602539,
    "(7, 0.2, (0.1, 3.3, 2.0))": -97.58818054199219,
    "(7, 0.6, (0.1, 3.3, 2.0))": -89.34247589111328,
    "(7, 1.0, (0.1, 3.3, 2.0))": -86.48593139648438,
    "(7, 2.0, (0.1, 3.3, 2.0))": -83.67618560791016,
    "(7, 0.2, (0.1, 3.7, 2.0))": -98.14563751220703,
    "(7, 0.6, (0.1, 3.7, 2.0))": -89.19844055175781,
    "(7, 1.0, (0.1, 3.7, 2.0))": -85.21306610107422,
    "(7, 2.0, (0.1, 3.7, 2.0))": -80.74983215332031,
    "(7, 0.2, (0.1, 4.1, 2.0))": -97.04634857177734,
    "(7, 0.6, (0.1, 4.1, 2.0))": -87.7926025390625,
    "(7, 1.0, (0.1, 4.1, 2.0))": -83.54550170898438,
    "(7, 2.0, (0.1, 4.1, 2.0))": -79.37916564941406,
    "(7, 0.2, (0.1, 4.5, 2.0))": -96.0495834350586,
    "(7, 0.6, (0.1, 4.5, 2.0))": -87.2708511352539,
    "(7, 1.0, (0.1, 4.5, 2.0))": -83.2335433959961,
    "(7, 2.0, (0.1, 4.5, 2.0))": -79.1079330444336,
    "(7, 0.2, (0.1, 4.9, 2.0))": -95.03568267822266,
    "(7, 0.6, (0.1, 4.9, 2.0))": -86.3951416015625,
    "(7, 1.0, (0.1, 4.9, 2.0))": -83.05046844482422,
    "(7, 2.0, (0.1, 4.9, 2.0))": -79.09291076660156,
    "(7, 0.2, (0.1, 5.3, 2.0))": -98.02862548828125,
    "(7, 0.6, (0.1, 5.3, 2.0))": -87.81192779541016,
    "(7, 1.0, (0.1, 5.3, 2.0))": -83.22924041748047,
    "(7, 2.0, (0.1, 5.3, 2.0))": -79.49324035644531,
    "(7, 0.2, (0.1, 5.7, 2.0))": -96.43849182128906,
    "(7, 0.6, (0.1, 5.7, 2.0))": -88.1761703491211,
    "(7, 1.0, (0.1, 5.7, 2.0))": -84.70565032958984,
    "(7, 2.0, (0.1, 5.7, 2.0))": -81.20176696777344,
    "(7, 0.2, (0.1, 6.1, 2.0))": -97.15142059326172,
    "(7, 0.6, (0.1, 6.1, 2.0))": -89.13726043701172,
    "(7, 1.0, (0.1, 6.1, 2.0))": -86.58771514892578,
    "(7, 2.0, (0.1, 6.1, 2.0))": -83.29458618164062,
    "no_RIS_contribution": -112.58379364013672
}