{
    "(2, 0.5, (0.1, 2.5, 2.0))": -90.43207550048828,
    "(2, 1.0, (0.1, 2.5, 2.0))": -86.65330505371094,
    "(2, 1.5, (0.1, 2.5, 2.0))": -85.0169677734375,
    "(2, 2.0, (0.1, 2.5, 2.0))": -84.0475082397461,
    "(2, 0.5, (0.1, 2.9, 2.0))": -88.57594299316406,
    "(2, 1.0, (0.1, 2.9, 2.0))": -85.58661651611328,
    "(2, 1.5, (0.1, 2.9, 2.0))": -84.15670776367188,
    "(2, 2.0, (0.1, 2.9, 2.0))": -83.19798278808594,
    "(2, 0.5, (0.1, 3.3, 2.0))": -88.17985534667969,
    "(2, 1.0, (0.1, 3.3, 2.0))": -84.79752349853516,
    "(2, 1.5, (0.1, 3.3, 2.0))": -83.21537017822266,
    "(2, 2.0, (0.1, 3.3, 2.0))": -82.46288299560547,
    "(2, 0.5, (0.1, 3.7, 2.0))": -87.66525268554688,
    "(2, 1.0, (0.1, 3.7, 2.0))": -84.36711883544922,
    "(2, 1.5, (0.1, 3.7, 2.0))": -82.550537109375,
    "(2, 2.0, (0.1, 3.7, 2.0))": -81.94035339355469,
    "(2, 0.5, (0.1, 4.1, 2.0))": -87.22821807861328,
    "(2, 1.0, (0.1, 4.1, 2.0))": -84.16123962402344,
    "(2, 1.5, (0.1, 4.1, 2.0))": -82.17533111572266,
    "(2, 2.0, (0.1, 4.1, 2.0))": -81.43689727783203,
    "(2, 0.5, (0.1, 4.5, 2.0))": -86.92476654052734,
    "(2, 1.0, (0.1, 4.5, 2.0))": -83.81905364990234,
    "(2, 1.5, (0.1, 4.5, 2.0))": -81.99124908447266,
    "(2, 2.0, (0.1, 4.5, 2.0))": -80.92301177978516,
    "(2, 0.5, (0.1, 4.9, 2.0))": -86.68424987792969,
    "(2, 1.0, (0.1, 4.9, 2.0))": -83.38607788085938,
    "(2, 1.5, (0.1, 4.9, 2.0))": -81.66818237304688,
    "(2, 2.0, (0.1, 4.9, 2.0))": -80.7405776977539,
    "(2, 0.5, (0.1, 5.3, 2.0))": -86.42858123779297,
    "(2, 1.0, (0.1, 5.3, 2.0))": -83.08755493164062,
    "(2, 1.5, (0.1, 5.3, 2.0))": -81.27632904052734,
    "(2, 2.0, (0.1, 5.3, 2.0))": -80.64373016357422,
    "(2, 0.5, (0.1, 5.7, 2.0))": -86.14260864257812,
    "(2, 1.0, (0.1, 5.7, 2.0))": -82.81222534179688,
    "(2, 1.5, (0.1, 5.7, 2.0))": -81.18748474121094,
    "(2, 2.0, (0.1, 5.7, 2.0))": -80.89231872558594,
    "(2, 0.5, (0.1, 6.1, 2.0))": -85.7874755859375,
    "(2, 1.0, (0.1, 6.1, 2.0))": -82.64907836914062,
    "(2, 1.5, (0.1, 6.1, 2.0))": -81.72574615478516,
    "(2, 2.0, (0.1, 6.1, 2.0))": -81.09868621826172,
    "(2, 0.5, (0.1, 6.5, 2.0))": -86.05399322509766,
    "(2, 1.0, (0.1, 6.5, 2.0))": -83.1065673828125,
    "(2, 1.5, (0.1, 6.5, 2.0))": -82.27224731445312,
    "(2, 2.0, (0.1, 6.5, 2.0))": -81.40751647949219,
    "no_RIS_contribution": -103.50228881835938
}