{
    "(2, 0.5, (0.1, 2.5, 1.5))": -86.80335998535156,
    "(2, 1.0, (0.1, 2.5, 1.5))": -83.01463317871094,
    "(2, 1.5, (0.1, 2.5, 1.5))": -81.36871337890625,
    "(2, 2.0, (0.1, 2.5, 1.5))": -80.39322662353516,
    "(2, 0.5, (0.1, 2.9, 1.5))": -84.99147033691406,
    "(2, 1.0, (0.1, 2.9, 1.5))": -81.99810028076172,
    "(2, 1.5, (0.1, 2.9, 1.5))": -80.57965850830078,
    "(2, 2.0, (0.1, 2.9, 1.5))": -79.6314468383789,
    "(2, 0.5, (0.1, 3.3, 1.5))": -84.70182800292969,
    "(2, 1.0, (0.1, 3.3, 1.5))": -81.291748046875,
    "(2, 1.5, (0.1, 3.3, 1.5))": -79.71231079101562,
    "(2, 2.0, (0.1, 3.3, 1.5))": -78.9704360961914,
    "(2, 0.5, (0.1, 3.7, 1.5))": -84.2898178100586,
    "(2, 1.0, (0.1, 3.7, 1.5))": -80.95879364013672,
    "(2, 1.5, (0.1, 3.7, 1.5))": -79.13345336914062,
    "(2, 2.0, (0.1, 3.7, 1.5))": -78.51276397705078,
    "(2, 0.5, (0.1, 4.1, 1.5))": -83.93816375732422,
    "(2, 1.0, (0.1, 4.1, 1.5))": -80.85175323486328,
    "(2, 1.5, (0.1, 4.1, 1.5))": -78.86112213134766,
    "(2, 2.0, (0.1, 4.1, 1.5))": -78.10991668701172,
    "(2, 0.5, (0.1, 4.5, 1.5))": -83.71238708496094,
    "(2, 1.0, (0.1, 4.5, 1.5))": -80.63420104980469,
    "(2, 1.5, (0.1, 4.5, 1.5))": -78.78175354003906,
    "(2, 2.0, (0.1, 4.5, 1.5))": -77.7201156616211,
    "(2, 0.5, (0.1, 4.9, 1.5))": -83.56407165527344,
    "(2, 1.0, (0.1, 4.9, 1.5))": -80.3257827758789,
    "(2, 1.5, (0.1, 4.9, 1.5))": -78.56074523925781,
    "(2, 2.0, (0.1, 4.9, 1.5))": -77.65396118164062,
    "(2, 0.5, (0.1, 5.3, 1.5))": -83.42044067382812,
    "(2, 1.0, (0.1, 5.3, 1.5))": -80.135986328125,
    "(2, 1.5, (0.1, 5.3, 1.5))": -78.29523468017578,
    "(2, 2.0, (0.1, 5.3, 1.5))": -77.66925048828125,
    "(2, 0.5, (0.1, 5.7, 1.5))": -83.26360321044922,
    "(2, 1.0, (0.1, 5.7, 1.5))": -79.97724914550781,
    "(2, 1.5, (0.1, 5.7, 1.5))": -78.35690307617188,
    "(2, 2.0, (0.1, 5.7, 1.5))": -78.0472640991211,
    "(2, 0.5, (0.1, 6.1, 1.5))": -83.03657531738281,
    "(2, 1.0, (0.1, 6.1, 1.5))": -79.96160888671875,
    "(2, 1.5, (0.1, 6.1, 1.5))": -79.03207397460938,
    "(2, 2.0, (0.1, 6.1, 1.5))": -78.38539123535156,
    "(2, 0.5, (0.1, 6.5, 1.5))": -83.49821472167969,
    "(2, 1.0, (0.1, 6.5, 1.5))": -80.64854431152344,
    "(2, 1.5, (0.1, 6.5, 1.5))": -79.74458312988281,
    "(2, 2.0, (0.1, 6.5, 1.5))": -78.87202453613281,
    "no_RIS_contribution": -103.50228881835938
}