{
    "(1, 0.2, (0.1, 2.1, 2.0))": 87.3417739868164,
    "(1, 0.6, (0.1, 2.1, 2.0))": 90.29535675048828,
    "(1, 1.0, (0.1, 2.1, 2.0))": 93.35443115234375,
    "(1, 2.0, (0.1, 2.1, 2.0))": 95.25316619873047,
    "(1, 0.2, (0.1, 2.5, 2.0))": 87.76371765136719,
    "(1, 0.6, (0.1, 2.5, 2.0))": 91.77214813232422,
    "(1, 1.0, (0.1, 2.5, 2.0))": 93.8818588256836,
    "(1, 2.0, (0.1, 2.5, 2.0))": 96.51898956298828,
    "(1, 0.2, (0.1, 2.9, 2.0))": 87.97468566894531,
    "(1, 0.6, (0.1, 2.9, 2.0))": 92.2995834350586,
    "(1, 1.0, (0.1, 2.9, 2.0))": 94.4092788696289,
    "(1, 2.0, (0.1, 2.9, 2.0))": 96.7299575805664,
    "(1, 0.2, (0.1, 3.3, 2.0))": 88.08016967773438,
    "(1, 0.6, (0.1, 3.3, 2.0))": 92.08860778808594,
    "(1, 1.0, (0.1, 3.3, 2.0))": 93.8818588256836,
    "(1, 2.0, (0.1, 3.3, 2.0))": 95.67510223388672,
    "(1, 0.2, (0.1, 3.7, 2.0))": 87.97468566894531,
    "(1, 0.6, (0.1, 3.7, 2.0))": 90.29535675048828,
    "(1, 1.0, (0.1, 3.7, 2.0))": 92.194091796875,
    "(1, 2.0, (0.1, 3.7, 2.0))": 94.30380249023438,
    "(1, 0.2, (0.1, 4.1, 2.0))": 86.7088623046875,
    "(1, 0.6, (0.1, 4.1, 2.0))": 89.24050903320312,
    "(1, 1.0, (0.1, 4.1, 2.0))": 90.5063247680664,
    "(1, 2.0, (0.1, 4.1, 2.0))": 92.61603546142578,
    "(1, 0.2, (0.1, 4.5, 2.0))": 87.44725799560547,
    "(1, 0.6, (0.1, 4.5, 2.0))": 89.76792907714844,
    "(1, 1.0, (0.1, 4.5, 2.0))": 91.66667175292969,
    "(1, 2.0, (0.1, 4.5, 2.0))": 94.93671417236328,
    "(1, 0.2, (0.1, 4.9, 2.0))": 88.08016967773438,
    "(1, 0.6, (0.1, 4.9, 2.0))": 89.9789047241211,
    "(1, 1.0, (0.1, 4.9, 2.0))": 91.35021209716797,
    "(1, 2.0, (0.1, 4.9, 2.0))": 93.98734283447266,
    "(1, 0.2, (0.1, 5.3, 2.0))": 86.6033706665039,
    "(1, 0.6, (0.1, 5.3, 2.0))": 87.76371765136719,
    "(1, 1.0, (0.1, 5.3, 2.0))": 88.50210571289062,
    "(1, 2.0, (0.1, 5.3, 2.0))": 90.61181640625,
    "(1, 0.2, (0.1, 5.7, 2.0))": 87.44725799560547,
    "(1, 0.6, (0.1, 5.7, 2.0))": 89.029541015625,
    "(1, 1.0, (0.1, 5.7, 2.0))": 89.9789047241211,
    "(1, 2.0, (0.1, 5.7, 2.0))": 93.35443115234375,
    "(1, 0.2, (0.1, 6.1, 2.0))": 89.9789047241211,
    "(1, 0.6, (0.1, 6.1, 2.0))": 94.09282684326172,
    "(1, 1.0, (0.1, 6.1, 2.0))": 95.78059387207031,
    "(1, 2.0, (0.1, 6.1, 2.0))": 95.78059387207031,
    "(6, 0.2, (0.1, 2.9, 2.0))": 92.40505981445312,
    "(6, 0.6, (0.1, 2.9, 2.0))": 94.5147705078125,
    "(6, 1.0, (0.1, 2.9, 2.0))": 95.4641342163086,
    "(6, 2.0, (0.1, 2.9, 2.0))": 97.57383728027344,
    "(6, 0.2, (0.1, 3.3, 2.0))": 91.98312377929688,
    "(6, 0.6, (0.1, 3.3, 2.0))": 96.51898956298828,
    "(6, 1.0, (0.1, 3.3, 2.0))": 97.36286926269531,
    "(6, 2.0, (0.1, 3.3, 2.0))": 98.20674896240234,
    "(6, 0.2, (0.1, 3.7, 2.0))": 92.72151947021484,
    "(6, 0.6, (0.1, 3.7, 2.0))": 96.2025375366211,
    "(6, 1.0, (0.1, 3.7, 2.0))": 98.52320861816406,
    "(6, 2.0, (0.1, 3.7, 2.0))": 99.57805633544922,
    "(6, 0.2, (0.1, 4.1, 2.0))": 92.08860778808594,
    "(6, 0.6, (0.1, 4.1, 2.0))": 96.83544158935547,
    "(6, 1.0, (0.1, 4.1, 2.0))": 98.83966064453125,
    "(6, 2.0, (0.1, 4.1, 2.0))": 99.89451599121094,
    "(6, 0.2, (0.1, 4.5, 2.0))": 93.1434555053711,
    "(6, 0.6, (0.1, 4.5, 2.0))": 97.6793212890625,
    "(6, 1.0, (0.1, 4.5, 2.0))": 98.62869262695312,
    "(6, 2.0, (0.1, 4.5, 2.0))": 99.78903198242188,
    "(6, 0.2, (0.1, 4.9, 2.0))": 93.03797149658203,
    "(6, 0.6, (0.1, 4.9, 2.0))": 97.36286926269531,
    "(6, 1.0, (0.1, 4.9, 2.0))": 98.83966064453125,
    "(6, 2.0, (0.1, 4.9, 2.0))": 99.78903198242188,
    "(6, 0.2, (0.1, 5.3, 2.0))": 92.2995834350586,
    "(6, 0.6, (0.1, 5.3, 2.0))": 96.94092559814453,
    "(6, 1.0, (0.1, 5.3, 2.0))": 98.73417663574219,
    "(6, 2.0, (0.1, 5.3, 2.0))": 99.89451599121094,
    "(6, 0.2, (0.1, 5.7, 2.0))": 93.56539916992188,
    "(6, 0.6, (0.1, 5.7, 2.0))": 96.83544158935547,
    "(6, 1.0, (0.1, 5.7, 2.0))": 98.20674896240234,
    "(6, 2.0, (0.1, 5.7, 2.0))": 99.3670883178711,
    "(6, 0.2, (0.1, 6.1, 2.0))": 93.03797149658203,
    "(6, 0.6, (0.1, 6.1, 2.0))": 96.51898956298828,
    "(6, 1.0, (0.1, 6.1, 2.0))": 97.0464096069336,
    "(6, 2.0, (0.1, 6.1, 2.0))": 98.10126495361328,
    "(7, 0.2, (0.1, 2.9, 2.0))": 91.35021209716797,
    "(7, 0.6, (0.1, 2.9, 2.0))": 95.56962585449219,
    "(7, 1.0, (0.1, 2.9, 2.0))": 96.51898956298828,
    "(7, 2.0, (0.1, 2.9, 2.0))": 97.6793212890625,
    "(7, 0.2, (0.1, 3.3, 2.0))": 92.08860778808594,
    "(7, 0.6, (0.1, 3.3, 2.0))": 96.7299575805664,
    "(7, 1.0, (0.1, 3.3, 2.0))": 97.25738525390625,
    "(7, 2.0, (0.1, 3.3, 2.0))": 97.99578094482422,
    "(7, 0.2, (0.1, 3.7, 2.0))": 92.194091796875,
    "(7, 0.6, (0.1, 3.7, 2.0))": 96.2025375366211,
    "(7, 1.0, (0.1, 3.7, 2.0))": 98.417724609375,
    "(7, 2.0, (0.1, 3.7, 2.0))": 99.57805633544922,
    "(7, 0.2, (0.1, 4.1, 2.0))": 93.03797149658203,
    "(7, 0.6, (0.1, 4.1, 2.0))": 97.25738525390625,
    "(7, 1.0, (0.1, 4.1, 2.0))": 99.26160430908203,
    "(7, 2.0, (0.1, 4.1, 2.0))": 99.78903198242188,
    "(7, 0.2, (0.1, 4.5, 2.0))": 93.45991516113281,
    "(7, 0.6, (0.1, 4.5, 2.0))": 98.10126495361328,
    "(7, 1.0, (0.1, 4.5, 2.0))": 99.3670883178711,
    "(7, 2.0, (0.1, 4.5, 2.0))": 99.89451599121094,
    "(7, 0.2, (0.1, 4.9, 2.0))": 94.19831085205078,
    "(7, 0.6, (0.1, 4.9, 2.0))": 98.52320861816406,
    "(7, 1.0, (0.1, 4.9, 2.0))": 99.47257995605469,
    "(7, 2.0, (0.1, 4.9, 2.0))": 99.89451599121094,
    "(7, 0.2, (0.1, 5.3, 2.0))": 91.87763977050781,
    "(7, 0.6, (0.1, 5.3, 2.0))": 97.0464096069336,
    "(7, 1.0, (0.1, 5.3, 2.0))": 99.47257995605469,
    "(7, 2.0, (0.1, 5.3, 2.0))": 99.89451599121094,
    "(7, 0.2, (0.1, 5.7, 2.0))": 92.93248748779297,
    "(7, 0.6, (0.1, 5.7, 2.0))": 97.46835327148438,
    "(7, 1.0, (0.1, 5.7, 2.0))": 98.83966064453125,
    "(7, 2.0, (0.1, 5.7, 2.0))": 99.47257995605469,
    "(7, 0.2, (0.1, 6.1, 2.0))": 93.1434555053711,
    "(7, 0.6, (0.1, 6.1, 2.0))": 96.94092559814453,
    "(7, 1.0, (0.1, 6.1, 2.0))": 97.15190124511719,
    "(7, 2.0, (0.1, 6.1, 2.0))": 98.10126495361328,
    "no_RIS_contribution": 81.54008483886719
}