{
    "(2, 0.2, (0.1, 2.5, 2.0))": -96.6712417602539,
    "(2, 0.4, (0.1, 2.5, 2.0))": -91.34349822998047,
    "(2, 0.6, (0.1, 2.5, 2.0))": -89.33042907714844,
    "(2, 0.8, (0.1, 2.5, 2.0))": -88.01093292236328,
    "(2, 1.0, (0.1, 2.5, 2.0))": -86.75892639160156,
    "(2, 1.2, (0.1, 2.5, 2.0))": -85.98053741455078,
    "(2, 1.4, (0.1, 2.5, 2.0))": -85.58545684814453,
    "(2, 1.6, (0.1, 2.5, 2.0))": -85.15515899658203,
    "(2, 1.8, (0.1, 2.5, 2.0))": -84.57090759277344,
    "(2, 2.0, (0.1, 2.5, 2.0))": -84.21217346191406,
    "(2, 0.2, (0.1, 2.9, 2.0))": -94.69795989990234,
    "(2, 0.4, (0.1, 2.9, 2.0))": -89.8465347290039,
    "(2, 0.6, (0.1, 2.9, 2.0))": -87.78953552246094,
    "(2, 0.8, (0.1, 2.9, 2.0))": -86.56666564941406,
    "(2, 1.0, (0.1, 2.9, 2.0))": -85.59999084472656,
    "(2, 1.2, (0.1, 2.9, 2.0))": -85.08109283447266,
    "(2, 1.4, (0.1, 2.9, 2.0))": -84.53369140625,
    "(2, 1.6, (0.1, 2.9, 2.0))": -84.18515014648438,
    "(2, 1.8, (0.1, 2.9, 2.0))": -83.79740142822266,
    "(2, 2.0, (0.1, 2.9, 2.0))": -83.33953094482422,
    "(2, 0.2, (0.1, 3.3, 2.0))": -93.41878509521484,
    "(2, 0.4, (0.1, 3.3, 2.0))": -89.71058654785156,
    "(2, 0.6, (0.1, 3.3, 2.0))": -87.36388397216797,
    "(2, 0.8, (0.1, 3.3, 2.0))": -86.03860473632812,
    "(2, 1.0, (0.1, 3.3, 2.0))": -85.14334106445312,
    "(2, 1.2, (0.1, 3.3, 2.0))": -84.30464172363281,
    "(2, 1.4, (0.1, 3.3, 2.0))": -83.7900619506836,
    "(2, 1.6, (0.1, 3.3, 2.0))": -83.22464752197266,
    "(2, 1.8, (0.1, 3.3, 2.0))": -82.97531127929688,
    "(2, 2.0, (0.1, 3.3, 2.0))": -82.71609497070312,
    "(2, 0.2, (0.1, 3.7, 2.0))": -92.94489288330078,
    "(2, 0.4, (0.1, 3.7, 2.0))": -89.49593353271484,
    "(2, 0.6, (0.1, 3.7, 2.0))": -86.9996109008789,
    "(2, 0.8, (0.1, 3.7, 2.0))": -85.89764404296875,
    "(2, 1.0, (0.1, 3.7, 2.0))": -84.76219940185547,
    "(2, 1.2, (0.1, 3.7, 2.0))": -84.08863067626953,
    "(2, 1.4, (0.1, 3.7, 2.0))": -83.13309478759766,
    "(2, 1.6, (0.1, 3.7, 2.0))": -82.77469635009766,
    "(2, 1.8, (0.1, 3.7, 2.0))": -82.39049530029297,
    "(2, 2.0, (0.1, 3.7, 2.0))": -81.94541931152344,
    "(2, 0.2, (0.1, 4.1, 2.0))": -92.54986572265625,
    "(2, 0.4, (0.1, 4.1, 2.0))": -89.11656951904297,
    "(2, 0.6, (0.1, 4.1, 2.0))": -86.81755065917969,
    "(2, 0.8, (0.1, 4.1, 2.0))": -85.64527130126953,
    "(2, 1.0, (0.1, 4.1, 2.0))": -84.51504516601562,
    "(2, 1.2, (0.1, 4.1, 2.0))": -83.48790740966797,
    "(2, 1.4, (0.1, 4.1, 2.0))": -82.86949157714844,
    "(2, 1.6, (0.1, 4.1, 2.0))": -82.61116790771484,
    "(2, 1.8, (0.1, 4.1, 2.0))": -82.1779556274414,
    "(2, 2.0, (0.1, 4.1, 2.0))": -81.43091583251953,
    "(2, 0.2, (0.1, 4.5, 2.0))": -92.2462158203125,
    "(2, 0.4, (0.1, 4.5, 2.0))": -88.65778350830078,
    "(2, 0.6, (0.1, 4.5, 2.0))": -86.61603546142578,
    "(2, 0.8, (0.1, 4.5, 2.0))": -85.229736328125,
    "(2, 1.0, (0.1, 4.5, 2.0))": -84.24504852294922,
    "(2, 1.2, (0.1, 4.5, 2.0))": -83.29566955566406,
    "(2, 1.4, (0.1, 4.5, 2.0))": -82.63391876220703,
    "(2, 1.6, (0.1, 4.5, 2.0))": -82.26187896728516,
    "(2, 1.8, (0.1, 4.5, 2.0))": -81.70923614501953,
    "(2, 2.0, (0.1, 4.5, 2.0))": -81.19391632080078,
    "(2, 0.2, (0.1, 4.9, 2.0))": -91.95906829833984,
    "(2, 0.4, (0.1, 4.9, 2.0))": -88.17518615722656,
    "(2, 0.6, (0.1, 4.9, 2.0))": -86.2601089477539,
    "(2, 0.8, (0.1, 4.9, 2.0))": -84.83195495605469,
    "(2, 1.0, (0.1, 4.9, 2.0))": -83.84188079833984,
    "(2, 1.2, (0.1, 4.9, 2.0))": -83.159423828125,
    "(2, 1.4, (0.1, 4.9, 2.0))": -82.46354675292969,
    "(2, 1.6, (0.1, 4.9, 2.0))": -81.82683563232422,
    "(2, 1.8, (0.1, 4.9, 2.0))": -81.35374450683594,
    "(2, 2.0, (0.1, 4.9, 2.0))": -81.09668731689453,
    "(2, 0.2, (0.1, 5.3, 2.0))": -91.75389099121094,
    "(2, 0.4, (0.1, 5.3, 2.0))": -87.81119537353516,
    "(2, 0.6, (0.1, 5.3, 2.0))": -85.83165740966797,
    "(2, 0.8, (0.1, 5.3, 2.0))": -84.51313781738281,
    "(2, 1.0, (0.1, 5.3, 2.0))": -83.46763610839844,
    "(2, 1.2, (0.1, 5.3, 2.0))": -82.78856658935547,
    "(2, 1.4, (0.1, 5.3, 2.0))": -82.19023132324219,
    "(2, 1.6, (0.1, 5.3, 2.0))": -81.49945068359375,
    "(2, 1.8, (0.1, 5.3, 2.0))": -81.0743179321289,
    "(2, 2.0, (0.1, 5.3, 2.0))": -81.01527404785156,
    "(2, 0.2, (0.1, 5.7, 2.0))": -91.51829528808594,
    "(2, 0.4, (0.1, 5.7, 2.0))": -87.4599380493164,
    "(2, 0.6, (0.1, 5.7, 2.0))": -85.43836975097656,
    "(2, 0.8, (0.1, 5.7, 2.0))": -84.26051330566406,
    "(2, 1.0, (0.1, 5.7, 2.0))": -83.16267395019531,
    "(2, 1.2, (0.1, 5.7, 2.0))": -82.37370300292969,
    "(2, 1.4, (0.1, 5.7, 2.0))": -81.91082000732422,
    "(2, 1.6, (0.1, 5.7, 2.0))": -81.6158447265625,
    "(2, 1.8, (0.1, 5.7, 2.0))": -81.37036895751953,
    "(2, 2.0, (0.1, 5.7, 2.0))": -81.30191802978516,
    "(2, 0.2, (0.1, 6.1, 2.0))": -91.48052978515625,
    "(2, 0.4, (0.1, 6.1, 2.0))": -87.1213150024414,
    "(2, 0.6, (0.1, 6.1, 2.0))": -85.10871887207031,
    "(2, 0.8, (0.1, 6.1, 2.0))": -84.09894561767578,
    "(2, 1.0, (0.1, 6.1, 2.0))": -83.09642028808594,
    "(2, 1.2, (0.1, 6.1, 2.0))": -82.56338500976562,
    "(2, 1.4, (0.1, 6.1, 2.0))": -82.41969299316406,
    "(2, 1.6, (0.1, 6.1, 2.0))": -82.224609375,
    "(2, 1.8, (0.1, 6.1, 2.0))": -81.89569091796875,
    "(2, 2.0, (0.1, 6.1, 2.0))": -81.59536743164062,
    "(2, 0.2, (0.1, 6.5, 2.0))": -92.07418060302734,
    "(2, 0.4, (0.1, 6.5, 2.0))": -87.77606964111328,
    "(2, 0.6, (0.1, 6.5, 2.0))": -85.69774627685547,
    "(2, 0.8, (0.1, 6.5, 2.0))": -84.64984893798828,
    "(2, 1.0, (0.1, 6.5, 2.0))": -83.81832885742188,
    "(2, 1.2, (0.1, 6.5, 2.0))": -83.38296508789062,
    "(2, 1.4, (0.1, 6.5, 2.0))": -83.10755157470703,
    "(2, 1.6, (0.1, 6.5, 2.0))": -82.78685760498047,
    "(2, 1.8, (0.1, 6.5, 2.0))": -82.42071533203125,
    "(2, 2.0, (0.1, 6.5, 2.0))": -82.07913970947266,
    "(3, 0.2, (0.1, 2.9, 2.0))": -92.9375228881836,
    "(3, 0.4, (0.1, 2.9, 2.0))": -91.13800048828125,
    "(3, 0.6, (0.1, 2.9, 2.0))": -88.91029357910156,
    "(3, 0.8, (0.1, 2.9, 2.0))": -86.6192626953125,
    "(3, 1.0, (0.1, 2.9, 2.0))": -85.6949462890625,
    "(3, 1.2, (0.1, 2.9, 2.0))": -85.33250427246094,
    "(3, 1.4, (0.1, 2.9, 2.0))": -84.12892150878906,
    "(3, 1.6, (0.1, 2.9, 2.0))": -83.3358154296875,
    "(3, 1.8, (0.1, 2.9, 2.0))": -83.35416412353516,
    "(3, 2.0, (0.1, 2.9, 2.0))": -83.61656951904297,
    "(3, 0.2, (0.1, 3.3, 2.0))": -91.45934295654297,
    "(3, 0.4, (0.1, 3.3, 2.0))": -89.58914947509766,
    "(3, 0.6, (0.1, 3.3, 2.0))": -88.50933837890625,
    "(3, 0.8, (0.1, 3.3, 2.0))": -86.57456970214844,
    "(3, 1.0, (0.1, 3.3, 2.0))": -84.60616302490234,
    "(3, 1.2, (0.1, 3.3, 2.0))": -84.18305206298828,
    "(3, 1.4, (0.1, 3.3, 2.0))": -84.23658752441406,
    "(3, 1.6, (0.1, 3.3, 2.0))": -83.71302032470703,
    "(3, 1.8, (0.1, 3.3, 2.0))": -82.57701873779297,
    "(3, 2.0, (0.1, 3.3, 2.0))": -82.01956176757812,
    "(3, 0.2, (0.1, 3.7, 2.0))": -90.84164428710938,
    "(3, 0.4, (0.1, 3.7, 2.0))": -88.72373962402344,
    "(3, 0.6, (0.1, 3.7, 2.0))": -88.04840087890625,
    "(3, 0.8, (0.1, 3.7, 2.0))": -86.66510009765625,
    "(3, 1.0, (0.1, 3.7, 2.0))": -84.81595611572266,
    "(3, 1.2, (0.1, 3.7, 2.0))": -83.33712768554688,
    "(3, 1.4, (0.1, 3.7, 2.0))": -82.9324722290039,
    "(3, 1.6, (0.1, 3.7, 2.0))": -82.82411193847656,
    "(3, 1.8, (0.1, 3.7, 2.0))": -82.55192565917969,
    "(3, 2.0, (0.1, 3.7, 2.0))": -82.19690704345703,
    "(3, 0.2, (0.1, 4.1, 2.0))": -90.2945785522461,
    "(3, 0.4, (0.1, 4.1, 2.0))": -87.78814697265625,
    "(3, 0.6, (0.1, 4.1, 2.0))": -86.94989013671875,
    "(3, 0.8, (0.1, 4.1, 2.0))": -86.43463897705078,
    "(3, 1.0, (0.1, 4.1, 2.0))": -85.35833740234375,
    "(3, 1.2, (0.1, 4.1, 2.0))": -84.18981170654297,
    "(3, 1.4, (0.1, 4.1, 2.0))": -82.65974426269531,
    "(3, 1.6, (0.1, 4.1, 2.0))": -81.75542449951172,
    "(3, 1.8, (0.1, 4.1, 2.0))": -81.42963409423828,
    "(3, 2.0, (0.1, 4.1, 2.0))": -81.45719909667969,
    "(3, 0.2, (0.1, 4.5, 2.0))": -89.83045196533203,