{
    "(2, 0.2, (0.1, 2.9, 2.0))": -99.44676208496094,
    "(2, 0.4, (0.1, 2.9, 2.0))": -94.71400451660156,
    "(2, 0.6, (0.1, 2.9, 2.0))": -90.51681518554688,
    "(2, 0.8, (0.1, 2.9, 2.0))": -88.8258056640625,
    "(2, 1.0, (0.1, 2.9, 2.0))": -86.00395965576172,
    "(2, 1.2, (0.1, 2.9, 2.0))": -84.76195526123047,
    "(2, 1.4, (0.1, 2.9, 2.0))": -84.0878677368164,
    "(2, 1.6, (0.1, 2.9, 2.0))": -83.08795928955078,
    "(2, 1.8, (0.1, 2.9, 2.0))": -82.2695083618164,
    "(2, 2.0, (0.1, 2.9, 2.0))": -81.8313217163086,
    "(2, 0.2, (0.1, 3.3, 2.0))": -105.12166595458984,
    "(2, 0.4, (0.1, 3.3, 2.0))": -100.0940170288086,
    "(2, 0.6, (0.1, 3.3, 2.0))": -94.41192626953125,
    "(2, 0.8, (0.1, 3.3, 2.0))": -90.91326141357422,
    "(2, 1.0, (0.1, 3.3, 2.0))": -87.86156463623047,
    "(2, 1.2, (0.1, 3.3, 2.0))": -84.79689025878906,
    "(2, 1.4, (0.1, 3.3, 2.0))": -82.49297332763672,
    "(2, 1.6, (0.1, 3.3, 2.0))": -80.42656707763672,
    "(2, 1.8, (0.1, 3.3, 2.0))": -79.54653930664062,
    "(2, 2.0, (0.1, 3.3, 2.0))": -78.48126983642578,
    "(2, 0.2, (0.1, 3.7, 2.0))": -103.74311828613281,
    "(2, 0.4, (0.1, 3.7, 2.0))": -96.96845245361328,
    "(2, 0.6, (0.1, 3.7, 2.0))": -92.02925109863281,
    "(2, 0.8, (0.1, 3.7, 2.0))": -89.57080841064453,
    "(2, 1.0, (0.1, 3.7, 2.0))": -86.23005676269531,
    "(2, 1.2, (0.1, 3.7, 2.0))": -82.91722106933594,
    "(2, 1.4, (0.1, 3.7, 2.0))": -81.098876953125,
    "(2, 1.6, (0.1, 3.7, 2.0))": -79.35123443603516,
    "(2, 1.8, (0.1, 3.7, 2.0))": -78.3571548461914,
    "(2, 2.0, (0.1, 3.7, 2.0))": -78.25850677490234,
    "(2, 0.2, (0.1, 4.1, 2.0))": -102.90032958984375,
    "(2, 0.4, (0.1, 4.1, 2.0))": -95.24169158935547,
    "(2, 0.6, (0.1, 4.1, 2.0))": -90.60366821289062,
    "(2, 0.8, (0.1, 4.1, 2.0))": -88.903076171875,
    "(2, 1.0, (0.1, 4.1, 2.0))": -84.16470336914062,
    "(2, 1.2, (0.1, 4.1, 2.0))": -80.99417877197266,
    "(2, 1.4, (0.1, 4.1, 2.0))": -78.46566772460938,
    "(2, 1.6, (0.1, 4.1, 2.0))": -76.76690673828125,
    "(2, 1.8, (0.1, 4.1, 2.0))": -74.53306579589844,
    "(2, 2.0, (0.1, 4.1, 2.0))": -72.29618072509766,
    "(2, 0.2, (0.1, 4.5, 2.0))": -104.4016342163086,
    "(2, 0.4, (0.1, 4.5, 2.0))": -100.0694351196289,
    "(2, 0.6, (0.1, 4.5, 2.0))": -94.50389862060547,
    "(2, 0.8, (0.1, 4.5, 2.0))": -91.28164672851562,
    "(2, 1.0, (0.1, 4.5, 2.0))": -87.77326202392578,
    "(2, 1.2, (0.1, 4.5, 2.0))": -83.2046890258789,
    "(2, 1.4, (0.1, 4.5, 2.0))": -79.66143798828125,
    "(2, 1.6, (0.1, 4.5, 2.0))": -77.20829772949219,
    "(2, 1.8, (0.1, 4.5, 2.0))": -74.603271484375,
    "(2, 2.0, (0.1, 4.5, 2.0))": -72.28726196289062,
    "(2, 0.2, (0.1, 4.9, 2.0))": -102.90039825439453,
    "(2, 0.4, (0.1, 4.9, 2.0))": -98.00537872314453,
    "(2, 0.6, (0.1, 4.9, 2.0))": -92.45162963867188,
    "(2, 0.8, (0.1, 4.9, 2.0))": -90.34016418457031,
    "(2, 1.0, (0.1, 4.9, 2.0))": -89.05003356933594,
    "(2, 1.2, (0.1, 4.9, 2.0))": -82.29051971435547,
    "(2, 1.4, (0.1, 4.9, 2.0))": -80.84263610839844,
    "(2, 1.6, (0.1, 4.9, 2.0))": -79.054443359375,
    "(2, 1.8, (0.1, 4.9, 2.0))": -76.93694305419922,
    "(2, 2.0, (0.1, 4.9, 2.0))": -72.06350708007812,
    "(2, 0.2, (0.1, 5.3, 2.0))": -102.07929229736328,
    "(2, 0.4, (0.1, 5.3, 2.0))": -94.81948852539062,
    "(2, 0.6, (0.1, 5.3, 2.0))": -91.21405792236328,
    "(2, 0.8, (0.1, 5.3, 2.0))": -88.53565216064453,
    "(2, 1.0, (0.1, 5.3, 2.0))": -85.21470642089844,
    "(2, 1.2, (0.1, 5.3, 2.0))": -81.0686264038086,
    "(2, 1.4, (0.1, 5.3, 2.0))": -78.82685089111328,
    "(2, 1.6, (0.1, 5.3, 2.0))": -76.44129180908203,
    "(2, 1.8, (0.1, 5.3, 2.0))": -74.2983627319336,
    "(2, 2.0, (0.1, 5.3, 2.0))": -73.86253356933594,
    "(2, 0.2, (0.1, 5.7, 2.0))": -96.25062561035156,
    "(2, 0.4, (0.1, 5.7, 2.0))": -90.8727798461914,
    "(2, 0.6, (0.1, 5.7, 2.0))": -85.67781829833984,
    "(2, 0.8, (0.1, 5.7, 2.0))": -82.55888366699219,
    "(2, 1.0, (0.1, 5.7, 2.0))": -80.12073516845703,
    "(2, 1.2, (0.1, 5.7, 2.0))": -77.91471862792969,
    "(2, 1.4, (0.1, 5.7, 2.0))": -76.86662292480469,
    "(2, 1.6, (0.1, 5.7, 2.0))": -76.51787567138672,
    "(2, 1.8, (0.1, 5.7, 2.0))": -76.35269927978516,
    "(2, 2.0, (0.1, 5.7, 2.0))": -75.67747497558594,
    "(2, 0.2, (0.1, 6.1, 2.0))": -95.99569702148438,
    "(2, 0.4, (0.1, 6.1, 2.0))": -89.47901916503906,
    "(2, 0.6, (0.1, 6.1, 2.0))": -85.07549285888672,
    "(2, 0.8, (0.1, 6.1, 2.0))": -82.63812255859375,
    "(2, 1.0, (0.1, 6.1, 2.0))": -81.70661163330078,
    "(2, 1.2, (0.1, 6.1, 2.0))": -80.70861053466797,
    "(2, 1.4, (0.1, 6.1, 2.0))": -80.23423767089844,
    "(2, 1.6, (0.1, 6.1, 2.0))": -80.11357879638672,
    "(2, 1.8, (0.1, 6.1, 2.0))": -79.01232147216797,
    "(2, 2.0, (0.1, 6.1, 2.0))": -78.78496551513672,
    "(2, 0.2, (0.1, 6.5, 2.0))": -97.2151107788086,
    "(2, 0.4, (0.1, 6.5, 2.0))": -92.67566680908203,
    "(2, 0.6, (0.1, 6.5, 2.0))": -90.20162963867188,
    "(2, 0.8, (0.1, 6.5, 2.0))": -89.21421813964844,
    "(2, 1.0, (0.1, 6.5, 2.0))": -87.2189712524414,
    "(2, 1.2, (0.1, 6.5, 2.0))": -85.580322265625,
    "(2, 1.4, (0.1, 6.5, 2.0))": -84.728759765625,
    "(2, 1.6, (0.1, 6.5, 2.0))": -83.87931060791016,
    "(2, 1.8, (0.1, 6.5, 2.0))": -83.55972290039062,
    "(2, 2.0, (0.1, 6.5, 2.0))": -82.60485076904297,
    "(3, 0.2, (0.1, 2.9, 2.0))": -102.52149200439453,
    "(3, 0.4, (0.1, 2.9, 2.0))": -96.78458404541016,
    "(3, 0.6, (0.1, 2.9, 2.0))": -93.18852996826172,
    "(3, 0.8, (0.1, 2.9, 2.0))": -91.00361633300781,
    "(3, 1.0, (0.1, 2.9, 2.0))": -88.2890853881836,
    "(3, 1.2, (0.1, 2.9, 2.0))": -86.50457000732422,
    "(3, 1.4, (0.1, 2.9, 2.0))": -85.75818634033203,
    "(3, 1.6, (0.1, 2.9, 2.0))": -85.16888427734375,
    "(3, 1.8, (0.1, 2.9, 2.0))": -84.11202239990234,
    "(3, 2.0, (0.1, 2.9, 2.0))": -83.50603485107422,
    "(3, 0.2, (0.1, 3.3, 2.0))": -105.22178649902344,
    "(3, 0.4, (0.1, 3.3, 2.0))": -101.08990478515625,
    "(3, 0.6, (0.1, 3.3, 2.0))": -94.68621063232422,
    "(3, 0.8, (0.1, 3.3, 2.0))": -92.42021179199219,
    "(3, 1.0, (0.1, 3.3, 2.0))": -89.65034484863281,
    "(3, 1.2, (0.1, 3.3, 2.0))": -86.41429138183594,
    "(3, 1.4, (0.1, 3.3, 2.0))": -84.70598602294922,
    "(3, 1.6, (0.1, 3.3, 2.0))": -82.70279693603516,
    "(3, 1.8, (0.1, 3.3, 2.0))": -81.35851287841797,
    "(3, 2.0, (0.1, 3.3, 2.0))": -80.55880737304688,
    "(3, 0.2, (0.1, 3.7, 2.0))": -103.06217956542969,
    "(3, 0.4, (0.1, 3.7, 2.0))": -96.61827087402344,
    "(3, 0.6, (0.1, 3.7, 2.0))": -93.06201934814453,
    "(3, 0.8, (0.1, 3.7, 2.0))": -90.07978820800781,
    "(3, 1.0, (0.1, 3.7, 2.0))": -86.95642852783203,
    "(3, 1.2, (0.1, 3.7, 2.0))": -83.51229858398438,
    "(3, 1.4, (0.1, 3.7, 2.0))": -81.86134338378906,
    "(3, 1.6, (0.1, 3.7, 2.0))": -81.13609313964844,
    "(3, 1.8, (0.1, 3.7, 2.0))": -79.79100799560547,
    "(3, 2.0, (0.1, 3.7, 2.0))": -79.9711685180664,
    "(3, 0.2, (0.1, 4.1, 2.0))": -103.04428100585938,
    "(3, 0.4, (0.1, 4.1, 2.0))": -95.4596176147461,
    "(3, 0.6, (0.1, 4.1, 2.0))": -92.1272964477539,
    "(3, 0.8, (0.1, 4.1, 2.0))": -89.37078094482422,
    "(3, 1.0, (0.1, 4.1, 2.0))": -86.17366027832031,
    "(3, 1.2, (0.1, 4.1, 2.0))": -83.47554779052734,
    "(3, 1.4, (0.1, 4.1, 2.0))": -80.15328979492188,
    "(3, 1.6, (0.1, 4.1, 2.0))": -77.75911712646484,
    "(3, 1.8, (0.1, 4.1, 2.0))": -75.60997009277344,
    "(3, 2.0, (0.1, 4.1, 2.0))": -73.85529327392578,
    "(3, 0.2, (0.1, 4.5, 2.0))": -104.45639038085938,
    "(3, 0.4, (0.1, 4.5, 2.0))": -99.20948791503906,
    "(3, 0.6, (0.1, 4.5, 2.0))": -94.23717498779297,
    "(3, 0.8, (0.1, 4.5, 2.0))": -90.2010726928711,
    "(3, 1.0, (0.1, 4.5, 2.0))": -88.46868896484375,
    "(3, 1.2, (0.1, 4.5, 2.0))": -84.35091400146484,
    "(3, 1.4, (0.1, 4.5, 2.0))": -79.86207580566406,
    "(3, 1.6, (0.1, 4.5, 2.0))": -77.85481262207031,
    "(3, 1.8, (0.1, 4.5, 2.0))": -76.12752532958984,
    "(3, 2.0, (0.1, 4.5, 2.0))": -74.29395294189453,
    "(3, 0.2, (0.1, 4.9, 2.0))": -104.11143493652344,