{
    "(2, 0.2, (0.1, 2.9, 2.0))": -104.49395751953125,
    "(2, 0.4, (0.1, 2.9, 2.0))": -99.0218276977539,
    "(2, 0.6, (0.1, 2.9, 2.0))": -94.12660217285156,
    "(2, 0.8, (0.1, 2.9, 2.0))": -92.36305236816406,
    "(2, 1.0, (0.1, 2.9, 2.0))": -89.99910736083984,
    "(2, 1.2, (0.1, 2.9, 2.0))": -86.9636459350586,
    "(2, 1.4, (0.1, 2.9, 2.0))": -86.97406005859375,
    "(2, 1.6, (0.1, 2.9, 2.0))": -86.06342315673828,
    "(2, 1.8, (0.1, 2.9, 2.0))": -85.25656127929688,
    "(2, 2.0, (0.1, 2.9, 2.0))": -84.7310562133789,
    "(2, 0.2, (0.1, 3.3, 2.0))": -105.50591278076172,
    "(2, 0.4, (0.1, 3.3, 2.0))": -100.00234985351562,
    "(2, 0.6, (0.1, 3.3, 2.0))": -96.10467529296875,
    "(2, 0.8, (0.1, 3.3, 2.0))": -91.84264373779297,
    "(2, 1.0, (0.1, 3.3, 2.0))": -88.97355651855469,
    "(2, 1.2, (0.1, 3.3, 2.0))": -87.7356948852539,
    "(2, 1.4, (0.1, 3.3, 2.0))": -85.48905944824219,
    "(2, 1.6, (0.1, 3.3, 2.0))": -83.01863861083984,
    "(2, 1.8, (0.1, 3.3, 2.0))": -81.68383026123047,
    "(2, 2.0, (0.1, 3.3, 2.0))": -81.35359191894531,
    "(2, 0.2, (0.1, 3.7, 2.0))": -105.08306121826172,
    "(2, 0.4, (0.1, 3.7, 2.0))": -99.29364776611328,
    "(2, 0.6, (0.1, 3.7, 2.0))": -94.9947280883789,
    "(2, 0.8, (0.1, 3.7, 2.0))": -91.14743041992188,
    "(2, 1.0, (0.1, 3.7, 2.0))": -87.5968017578125,
    "(2, 1.2, (0.1, 3.7, 2.0))": -84.46367645263672,
    "(2, 1.4, (0.1, 3.7, 2.0))": -82.21380615234375,
    "(2, 1.6, (0.1, 3.7, 2.0))": -80.81632232666016,
    "(2, 1.8, (0.1, 3.7, 2.0))": -79.50601959228516,
    "(2, 2.0, (0.1, 3.7, 2.0))": -78.46387481689453,
    "(2, 0.2, (0.1, 4.1, 2.0))": -105.95326232910156,
    "(2, 0.4, (0.1, 4.1, 2.0))": -97.56314086914062,
    "(2, 0.6, (0.1, 4.1, 2.0))": -93.00638580322266,
    "(2, 0.8, (0.1, 4.1, 2.0))": -91.41676330566406,
    "(2, 1.0, (0.1, 4.1, 2.0))": -86.94148254394531,
    "(2, 1.2, (0.1, 4.1, 2.0))": -82.06745147705078,
    "(2, 1.4, (0.1, 4.1, 2.0))": -79.77655792236328,
    "(2, 1.6, (0.1, 4.1, 2.0))": -78.64926147460938,
    "(2, 1.8, (0.1, 4.1, 2.0))": -74.61060333251953,
    "(2, 2.0, (0.1, 4.1, 2.0))": -72.39096069335938,
    "(2, 0.2, (0.1, 4.5, 2.0))": -105.39864349365234,
    "(2, 0.4, (0.1, 4.5, 2.0))": -101.39167785644531,
    "(2, 0.6, (0.1, 4.5, 2.0))": -96.5438461303711,
    "(2, 0.8, (0.1, 4.5, 2.0))": -93.03549194335938,
    "(2, 1.0, (0.1, 4.5, 2.0))": -88.97608184814453,
    "(2, 1.2, (0.1, 4.5, 2.0))": -84.36408233642578,
    "(2, 1.4, (0.1, 4.5, 2.0))": -80.85456848144531,
    "(2, 1.6, (0.1, 4.5, 2.0))": -77.62278747558594,
    "(2, 1.8, (0.1, 4.5, 2.0))": -74.84774017333984,
    "(2, 2.0, (0.1, 4.5, 2.0))": -72.39469909667969,
    "(2, 0.2, (0.1, 4.9, 2.0))": -105.38972473144531,
    "(2, 0.4, (0.1, 4.9, 2.0))": -98.71431732177734,
    "(2, 0.6, (0.1, 4.9, 2.0))": -93.54785919189453,
    "(2, 0.8, (0.1, 4.9, 2.0))": -91.57646179199219,
    "(2, 1.0, (0.1, 4.9, 2.0))": -89.60023498535156,
    "(2, 1.2, (0.1, 4.9, 2.0))": -83.38626861572266,
    "(2, 1.4, (0.1, 4.9, 2.0))": -80.64014434814453,
    "(2, 1.6, (0.1, 4.9, 2.0))": -79.364990234375,
    "(2, 1.8, (0.1, 4.9, 2.0))": -76.7769546508789,
    "(2, 2.0, (0.1, 4.9, 2.0))": -71.71764373779297,
    "(2, 0.2, (0.1, 5.3, 2.0))": -101.23352813720703,
    "(2, 0.4, (0.1, 5.3, 2.0))": -96.3505859375,
    "(2, 0.6, (0.1, 5.3, 2.0))": -91.72877502441406,
    "(2, 0.8, (0.1, 5.3, 2.0))": -89.39510345458984,
    "(2, 1.0, (0.1, 5.3, 2.0))": -86.95790100097656,
    "(2, 1.2, (0.1, 5.3, 2.0))": -83.49115753173828,
    "(2, 1.4, (0.1, 5.3, 2.0))": -79.56367492675781,
    "(2, 1.6, (0.1, 5.3, 2.0))": -78.29629516601562,
    "(2, 1.8, (0.1, 5.3, 2.0))": -76.80362701416016,
    "(2, 2.0, (0.1, 5.3, 2.0))": -76.11104583740234,
    "(2, 0.2, (0.1, 5.7, 2.0))": -100.86507415771484,
    "(2, 0.4, (0.1, 5.7, 2.0))": -94.86689758300781,
    "(2, 0.6, (0.1, 5.7, 2.0))": -89.60542297363281,
    "(2, 0.8, (0.1, 5.7, 2.0))": -87.8232650756836,
    "(2, 1.0, (0.1, 5.7, 2.0))": -84.44998931884766,
    "(2, 1.2, (0.1, 5.7, 2.0))": -80.99640655517578,
    "(2, 1.4, (0.1, 5.7, 2.0))": -80.15403747558594,
    "(2, 1.6, (0.1, 5.7, 2.0))": -79.0963134765625,
    "(2, 1.8, (0.1, 5.7, 2.0))": -78.94740295410156,
    "(2, 2.0, (0.1, 5.7, 2.0))": -77.9411849975586,
    "(2, 0.2, (0.1, 6.1, 2.0))": -98.02752685546875,
    "(2, 0.4, (0.1, 6.1, 2.0))": -91.7409439086914,
    "(2, 0.6, (0.1, 6.1, 2.0))": -86.96965026855469,
    "(2, 0.8, (0.1, 6.1, 2.0))": -84.20275115966797,
    "(2, 1.0, (0.1, 6.1, 2.0))": -84.92989349365234,
    "(2, 1.2, (0.1, 6.1, 2.0))": -83.10746765136719,
    "(2, 1.4, (0.1, 6.1, 2.0))": -81.74932098388672,
    "(2, 1.6, (0.1, 6.1, 2.0))": -81.48704528808594,
    "(2, 1.8, (0.1, 6.1, 2.0))": -80.58300018310547,
    "(2, 2.0, (0.1, 6.1, 2.0))": -80.50306701660156,
    "(2, 0.2, (0.1, 6.5, 2.0))": -97.38801574707031,
    "(2, 0.4, (0.1, 6.5, 2.0))": -93.59921264648438,
    "(2, 0.6, (0.1, 6.5, 2.0))": -91.38883209228516,
    "(2, 0.8, (0.1, 6.5, 2.0))": -89.5275650024414,
    "(2, 1.0, (0.1, 6.5, 2.0))": -89.26555633544922,
    "(2, 1.2, (0.1, 6.5, 2.0))": -87.30457305908203,
    "(2, 1.4, (0.1, 6.5, 2.0))": -86.82119750976562,
    "(2, 1.6, (0.1, 6.5, 2.0))": -85.76459503173828,
    "(2, 1.8, (0.1, 6.5, 2.0))": -85.13195037841797,
    "(2, 2.0, (0.1, 6.5, 2.0))": -84.97332000732422,
    "(3, 0.2, (0.1, 2.9, 2.0))": -104.8141098022461,
    "(3, 0.4, (0.1, 2.9, 2.0))": -100.0915298461914,
    "(3, 0.6, (0.1, 2.9, 2.0))": -96.62650299072266,
    "(3, 0.8, (0.1, 2.9, 2.0))": -93.24628448486328,
    "(3, 1.0, (0.1, 2.9, 2.0))": -92.33057403564453,
    "(3, 1.2, (0.1, 2.9, 2.0))": -90.21708679199219,
    "(3, 1.4, (0.1, 2.9, 2.0))": -89.68263244628906,
    "(3, 1.6, (0.1, 2.9, 2.0))": -88.30428314208984,
    "(3, 1.8, (0.1, 2.9, 2.0))": -86.66510009765625,
    "(3, 2.0, (0.1, 2.9, 2.0))": -87.65229797363281,
    "(3, 0.2, (0.1, 3.3, 2.0))": -106.75749969482422,
    "(3, 0.4, (0.1, 3.3, 2.0))": -101.44502258300781,
    "(3, 0.6, (0.1, 3.3, 2.0))": -98.21519470214844,
    "(3, 0.8, (0.1, 3.3, 2.0))": -93.78462982177734,
    "(3, 1.0, (0.1, 3.3, 2.0))": -91.22864532470703,
    "(3, 1.2, (0.1, 3.3, 2.0))": -88.85336303710938,
    "(3, 1.4, (0.1, 3.3, 2.0))": -86.09569549560547,
    "(3, 1.6, (0.1, 3.3, 2.0))": -84.616943359375,
    "(3, 1.8, (0.1, 3.3, 2.0))": -83.56390380859375,
    "(3, 2.0, (0.1, 3.3, 2.0))": -83.66526794433594,
    "(3, 0.2, (0.1, 3.7, 2.0))": -105.7271728515625,
    "(3, 0.4, (0.1, 3.7, 2.0))": -99.82962036132812,
    "(3, 0.6, (0.1, 3.7, 2.0))": -96.52556610107422,
    "(3, 0.8, (0.1, 3.7, 2.0))": -93.06980895996094,
    "(3, 1.0, (0.1, 3.7, 2.0))": -89.26661682128906,
    "(3, 1.2, (0.1, 3.7, 2.0))": -85.93134307861328,
    "(3, 1.4, (0.1, 3.7, 2.0))": -83.28780364990234,
    "(3, 1.6, (0.1, 3.7, 2.0))": -82.34618377685547,
    "(3, 1.8, (0.1, 3.7, 2.0))": -80.62898254394531,
    "(3, 2.0, (0.1, 3.7, 2.0))": -79.59014892578125,
    "(3, 0.2, (0.1, 4.1, 2.0))": -105.75275421142578,
    "(3, 0.4, (0.1, 4.1, 2.0))": -98.29486083984375,
    "(3, 0.6, (0.1, 4.1, 2.0))": -95.64796447753906,
    "(3, 0.8, (0.1, 4.1, 2.0))": -91.95262908935547,
    "(3, 1.0, (0.1, 4.1, 2.0))": -87.05612182617188,
    "(3, 1.2, (0.1, 4.1, 2.0))": -83.13458251953125,
    "(3, 1.4, (0.1, 4.1, 2.0))": -81.53508758544922,
    "(3, 1.6, (0.1, 4.1, 2.0))": -78.45389556884766,
    "(3, 1.8, (0.1, 4.1, 2.0))": -76.07508087158203,
    "(3, 2.0, (0.1, 4.1, 2.0))": -74.11437225341797,
    "(3, 0.2, (0.1, 4.5, 2.0))": -106.74730682373047,
    "(3, 0.4, (0.1, 4.5, 2.0))": -102.78430938720703,
    "(3, 0.6, (0.1, 4.5, 2.0))": -95.22988891601562,
    "(3, 0.8, (0.1, 4.5, 2.0))": -93.39017486572266,
    "(3, 1.0, (0.1, 4.5, 2.0))": -89.72686004638672,
    "(3, 1.2, (0.1, 4.5, 2.0))": -84.95738983154297,
    "(3, 1.4, (0.1, 4.5, 2.0))": -82.34878540039062,
    "(3, 1.6, (0.1, 4.5, 2.0))": -79.65591430664062,
    "(3, 1.8, (0.1, 4.5, 2.0))": -77.0811538696289,
    "(3, 2.0, (0.1, 4.5, 2.0))": -73.46536254882812,
    "(3, 0.2, (0.1, 4.9, 2.0))": -104.38690185546875,