{
    "(2, 0.2, (0.1, 2.9, 2.0))": 95.1476821899414,
    "(2, 0.4, (0.1, 2.9, 2.0))": 96.0970458984375,
    "(2, 0.6, (0.1, 2.9, 2.0))": 97.0464096069336,
    "(2, 0.8, (0.1, 2.9, 2.0))": 97.57383728027344,
    "(2, 1.0, (0.1, 2.9, 2.0))": 98.10126495361328,
    "(2, 1.2, (0.1, 2.9, 2.0))": 98.73417663574219,
    "(2, 1.4, (0.1, 2.9, 2.0))": 98.417724609375,
    "(2, 1.6, (0.1, 2.9, 2.0))": 98.62869262695312,
    "(2, 1.8, (0.1, 2.9, 2.0))": 98.83966064453125,
    "(2, 2.0, (0.1, 2.9, 2.0))": 98.94514465332031,
    "(2, 0.2, (0.1, 3.3, 2.0))": 94.62025451660156,
    "(2, 0.4, (0.1, 3.3, 2.0))": 95.78059387207031,
    "(2, 0.6, (0.1, 3.3, 2.0))": 96.41350555419922,
    "(2, 0.8, (0.1, 3.3, 2.0))": 97.0464096069336,
    "(2, 1.0, (0.1, 3.3, 2.0))": 97.57383728027344,
    "(2, 1.2, (0.1, 3.3, 2.0))": 97.6793212890625,
    "(2, 1.4, (0.1, 3.3, 2.0))": 97.89029693603516,
    "(2, 1.6, (0.1, 3.3, 2.0))": 98.62869262695312,
    "(2, 1.8, (0.1, 3.3, 2.0))": 98.94514465332031,
    "(2, 2.0, (0.1, 3.3, 2.0))": 98.83966064453125,
    "(2, 0.2, (0.1, 3.7, 2.0))": 95.04219055175781,
    "(2, 0.4, (0.1, 3.7, 2.0))": 96.30801391601562,
    "(2, 0.6, (0.1, 3.7, 2.0))": 97.15190124511719,
    "(2, 0.8, (0.1, 3.7, 2.0))": 97.6793212890625,
    "(2, 1.0, (0.1, 3.7, 2.0))": 98.10126495361328,
    "(2, 1.2, (0.1, 3.7, 2.0))": 98.62869262695312,
    "(2, 1.4, (0.1, 3.7, 2.0))": 98.62869262695312,
    "(2, 1.6, (0.1, 3.7, 2.0))": 98.83966064453125,
    "(2, 1.8, (0.1, 3.7, 2.0))": 99.0506362915039,
    "(2, 2.0, (0.1, 3.7, 2.0))": 99.0506362915039,
    "(2, 0.2, (0.1, 4.1, 2.0))": 94.93671417236328,
    "(2, 0.4, (0.1, 4.1, 2.0))": 96.62446594238281,
    "(2, 0.6, (0.1, 4.1, 2.0))": 97.7848129272461,
    "(2, 0.8, (0.1, 4.1, 2.0))": 97.99578094482422,
    "(2, 1.0, (0.1, 4.1, 2.0))": 99.0506362915039,
    "(2, 1.2, (0.1, 4.1, 2.0))": 99.3670883178711,
    "(2, 1.4, (0.1, 4.1, 2.0))": 99.68354797363281,
    "(2, 1.6, (0.1, 4.1, 2.0))": 99.89451599121094,
    "(2, 1.8, (0.1, 4.1, 2.0))": 100.0,
    "(2, 2.0, (0.1, 4.1, 2.0))": 100.0,
    "(2, 0.2, (0.1, 4.5, 2.0))": 94.62025451660156,
    "(2, 0.4, (0.1, 4.5, 2.0))": 95.99156188964844,
    "(2, 0.6, (0.1, 4.5, 2.0))": 97.0464096069336,
    "(2, 0.8, (0.1, 4.5, 2.0))": 97.25738525390625,
    "(2, 1.0, (0.1, 4.5, 2.0))": 97.57383728027344,
    "(2, 1.2, (0.1, 4.5, 2.0))": 98.52320861816406,
    "(2, 1.4, (0.1, 4.5, 2.0))": 99.3670883178711,
    "(2, 1.6, (0.1, 4.5, 2.0))": 99.57805633544922,
    "(2, 1.8, (0.1, 4.5, 2.0))": 99.89451599121094,
    "(2, 2.0, (0.1, 4.5, 2.0))": 100.0,
    "(2, 0.2, (0.1, 4.9, 2.0))": 95.1476821899414,
    "(2, 0.4, (0.1, 4.9, 2.0))": 96.41350555419922,
    "(2, 0.6, (0.1, 4.9, 2.0))": 97.25738525390625,
    "(2, 0.8, (0.1, 4.9, 2.0))": 97.36286926269531,
    "(2, 1.0, (0.1, 4.9, 2.0))": 97.6793212890625,
    "(2, 1.2, (0.1, 4.9, 2.0))": 98.62869262695312,
    "(2, 1.4, (0.1, 4.9, 2.0))": 98.83966064453125,
    "(2, 1.6, (0.1, 4.9, 2.0))": 98.94514465332031,
    "(2, 1.8, (0.1, 4.9, 2.0))": 99.26160430908203,
    "(2, 2.0, (0.1, 4.9, 2.0))": 100.0,
    "(2, 0.2, (0.1, 5.3, 2.0))": 96.0970458984375,
    "(2, 0.4, (0.1, 5.3, 2.0))": 97.15190124511719,
    "(2, 0.6, (0.1, 5.3, 2.0))": 97.57383728027344,
    "(2, 0.8, (0.1, 5.3, 2.0))": 97.7848129272461,
    "(2, 1.0, (0.1, 5.3, 2.0))": 98.10126495361328,
    "(2, 1.2, (0.1, 5.3, 2.0))": 98.417724609375,
    "(2, 1.4, (0.1, 5.3, 2.0))": 99.0506362915039,
    "(2, 1.6, (0.1, 5.3, 2.0))": 99.0506362915039,
    "(2, 1.8, (0.1, 5.3, 2.0))": 99.15612030029297,
    "(2, 2.0, (0.1, 5.3, 2.0))": 99.26160430908203,
    "(2, 0.2, (0.1, 5.7, 2.0))": 96.2025375366211,
    "(2, 0.4, (0.1, 5.7, 2.0))": 97.0464096069336,
    "(2, 0.6, (0.1, 5.7, 2.0))": 97.6793212890625,
    "(2, 0.8, (0.1, 5.7, 2.0))": 97.6793212890625,
    "(2, 1.0, (0.1, 5.7, 2.0))": 98.20674896240234,
    "(2, 1.2, (0.1, 5.7, 2.0))": 98.73417663574219,
    "(2, 1.4, (0.1, 5.7, 2.0))": 98.73417663574219,
    "(2, 1.6, (0.1, 5.7, 2.0))": 98.83966064453125,
    "(2, 1.8, (0.1, 5.7, 2.0))": 98.83966064453125,
    "(2, 2.0, (0.1, 5.7, 2.0))": 98.83966064453125,
    "(2, 0.2, (0.1, 6.1, 2.0))": 96.83544158935547,
    "(2, 0.4, (0.1, 6.1, 2.0))": 97.6793212890625,
    "(2, 0.6, (0.1, 6.1, 2.0))": 98.10126495361328,
    "(2, 0.8, (0.1, 6.1, 2.0))": 98.83966064453125,
    "(2, 1.0, (0.1, 6.1, 2.0))": 98.52320861816406,
    "(2, 1.2, (0.1, 6.1, 2.0))": 98.73417663574219,
    "(2, 1.4, (0.1, 6.1, 2.0))": 99.15612030029297,
    "(2, 1.6, (0.1, 6.1, 2.0))": 99.0506362915039,
    "(2, 1.8, (0.1, 6.1, 2.0))": 99.3670883178711,
    "(2, 2.0, (0.1, 6.1, 2.0))": 99.3670883178711,
    "(2, 0.2, (0.1, 6.5, 2.0))": 97.25738525390625,
    "(2, 0.4, (0.1, 6.5, 2.0))": 97.36286926269531,
    "(2, 0.6, (0.1, 6.5, 2.0))": 97.57383728027344,
    "(2, 0.8, (0.1, 6.5, 2.0))": 97.99578094482422,
    "(2, 1.0, (0.1, 6.5, 2.0))": 97.89029693603516,
    "(2, 1.2, (0.1, 6.5, 2.0))": 98.417724609375,
    "(2, 1.4, (0.1, 6.5, 2.0))": 98.3122329711914,
    "(2, 1.6, (0.1, 6.5, 2.0))": 98.73417663574219,
    "(2, 1.8, (0.1, 6.5, 2.0))": 98.73417663574219,
    "(2, 2.0, (0.1, 6.5, 2.0))": 98.62869262695312,
    "(3, 0.2, (0.1, 2.9, 2.0))": 95.25316619873047,
    "(3, 0.4, (0.1, 2.9, 2.0))": 95.99156188964844,
    "(3, 0.6, (0.1, 2.9, 2.0))": 96.51898956298828,
    "(3, 0.8, (0.1, 2.9, 2.0))": 97.36286926269531,
    "(3, 1.0, (0.1, 2.9, 2.0))": 97.15190124511719,
    "(3, 1.2, (0.1, 2.9, 2.0))": 97.89029693603516,
    "(3, 1.4, (0.1, 2.9, 2.0))": 97.6793212890625,
    "(3, 1.6, (0.1, 2.9, 2.0))": 98.20674896240234,
    "(3, 1.8, (0.1, 2.9, 2.0))": 98.52320861816406,
    "(3, 2.0, (0.1, 2.9, 2.0))": 97.99578094482422,
    "(3, 0.2, (0.1, 3.3, 2.0))": 94.4092788696289,
    "(3, 0.4, (0.1, 3.3, 2.0))": 95.78059387207031,
    "(3, 0.6, (0.1, 3.3, 2.0))": 95.99156188964844,
    "(3, 0.8, (0.1, 3.3, 2.0))": 96.94092559814453,
    "(3, 1.0, (0.1, 3.3, 2.0))": 97.15190124511719,
    "(3, 1.2, (0.1, 3.3, 2.0))": 97.36286926269531,
    "(3, 1.4, (0.1, 3.3, 2.0))": 98.10126495361328,
    "(3, 1.6, (0.1, 3.3, 2.0))": 98.3122329711914,
    "(3, 1.8, (0.1, 3.3, 2.0))": 98.3122329711914,
    "(3, 2.0, (0.1, 3.3, 2.0))": 98.3122329711914,
    "(3, 0.2, (0.1, 3.7, 2.0))": 94.93671417236328,
    "(3, 0.4, (0.1, 3.7, 2.0))": 96.0970458984375,
    "(3, 0.6, (0.1, 3.7, 2.0))": 96.7299575805664,
    "(3, 0.8, (0.1, 3.7, 2.0))": 97.36286926269531,
    "(3, 1.0, (0.1, 3.7, 2.0))": 97.99578094482422,
    "(3, 1.2, (0.1, 3.7, 2.0))": 98.3122329711914,
    "(3, 1.4, (0.1, 3.7, 2.0))": 98.62869262695312,
    "(3, 1.6, (0.1, 3.7, 2.0))": 98.83966064453125,
    "(3, 1.8, (0.1, 3.7, 2.0))": 98.94514465332031,
    "(3, 2.0, (0.1, 3.7, 2.0))": 99.0506362915039,
    "(3, 0.2, (0.1, 4.1, 2.0))": 94.93671417236328,
    "(3, 0.4, (0.1, 4.1, 2.0))": 96.30801391601562,
    "(3, 0.6, (0.1, 4.1, 2.0))": 96.83544158935547,
    "(3, 0.8, (0.1, 4.1, 2.0))": 97.7848129272461,
    "(3, 1.0, (0.1, 4.1, 2.0))": 98.73417663574219,
    "(3, 1.2, (0.1, 4.1, 2.0))": 99.47257995605469,
    "(3, 1.4, (0.1, 4.1, 2.0))": 99.57805633544922,
    "(3, 1.6, (0.1, 4.1, 2.0))": 99.89451599121094,
    "(3, 1.8, (0.1, 4.1, 2.0))": 100.0,
    "(3, 2.0, (0.1, 4.1, 2.0))": 100.0,
    "(3, 0.2, (0.1, 4.5, 2.0))": 94.4092788696289,
    "(3, 0.4, (0.1, 4.5, 2.0))": 95.4641342163086,
    "(3, 0.6, (0.1, 4.5, 2.0))": 96.94092559814453,
    "(3, 0.8, (0.1, 4.5, 2.0))": 96.94092559814453,
    "(3, 1.0, (0.1, 4.5, 2.0))": 97.7848129272461,
    "(3, 1.2, (0.1, 4.5, 2.0))": 98.73417663574219,
    "(3, 1.4, (0.1, 4.5, 2.0))": 99.15612030029297,
    "(3, 1.6, (0.1, 4.5, 2.0))": 99.26160430908203,
    "(3, 1.8, (0.1, 4.5, 2.0))": 99.78903198242188,
    "(3, 2.0, (0.1, 4.5, 2.0))": 100.0,
    "(3, 0.2, (0.1, 4.9, 2.0))": 95.35865020751953,
    "(3, 0.4, (0.1, 4.9, 2.0))": 96.41350555419922,
    "(3, 0.6, (0.1, 4.9, 2.0))": 97.36286926269531,
    "(3, 0.8, (0.1, 4.9, 2.0))": 97.6793212890625,
    "(3, 1.0, (0.1, 4.9, 2.0))": 97.6793212890625,
    "(3, 1.2, (0.1, 4.9, 2.0))": 98.62869262695312,