{
    "(2, 0.2, (0.1, 2.9, 2.0))": -114.2442398071289,
    "(2, 0.4, (0.1, 2.9, 2.0))": -111.32080841064453,
    "(2, 0.6, (0.1, 2.9, 2.0))": -108.83211517333984,
    "(2, 0.8, (0.1, 2.9, 2.0))": -106.12775421142578,
    "(2, 1.0, (0.1, 2.9, 2.0))": -104.80337524414062,
    "(2, 1.2, (0.1, 2.9, 2.0))": -102.88573455810547,
    "(2, 1.4, (0.1, 2.9, 2.0))": -101.53043365478516,
    "(2, 1.6, (0.1, 2.9, 2.0))": -100.8065414428711,
    "(2, 1.8, (0.1, 2.9, 2.0))": -99.54164123535156,
    "(2, 2.0, (0.1, 2.9, 2.0))": -98.34600067138672,
    "(2, 0.2, (0.1, 3.3, 2.0))": -114.8841781616211,
    "(2, 0.4, (0.1, 3.3, 2.0))": -111.40060424804688,
    "(2, 0.6, (0.1, 3.3, 2.0))": -107.99539947509766,
    "(2, 0.8, (0.1, 3.3, 2.0))": -104.5494613647461,
    "(2, 1.0, (0.1, 3.3, 2.0))": -101.83665466308594,
    "(2, 1.2, (0.1, 3.3, 2.0))": -99.67963409423828,
    "(2, 1.4, (0.1, 3.3, 2.0))": -98.54183197021484,
    "(2, 1.6, (0.1, 3.3, 2.0))": -97.69898223876953,
    "(2, 1.8, (0.1, 3.3, 2.0))": -96.86376190185547,
    "(2, 2.0, (0.1, 3.3, 2.0))": -95.81791687011719,
    "(2, 0.2, (0.1, 3.7, 2.0))": -114.98460388183594,
    "(2, 0.4, (0.1, 3.7, 2.0))": -111.5831069946289,
    "(2, 0.6, (0.1, 3.7, 2.0))": -108.13766479492188,
    "(2, 0.8, (0.1, 3.7, 2.0))": -104.89051055908203,
    "(2, 1.0, (0.1, 3.7, 2.0))": -100.82215881347656,
    "(2, 1.2, (0.1, 3.7, 2.0))": -96.82182312011719,
    "(2, 1.4, (0.1, 3.7, 2.0))": -95.9254150390625,
    "(2, 1.6, (0.1, 3.7, 2.0))": -94.57151794433594,
    "(2, 1.8, (0.1, 3.7, 2.0))": -93.78350067138672,
    "(2, 2.0, (0.1, 3.7, 2.0))": -93.51874542236328,
    "(2, 0.2, (0.1, 4.1, 2.0))": -115.02250671386719,
    "(2, 0.4, (0.1, 4.1, 2.0))": -111.41403198242188,
    "(2, 0.6, (0.1, 4.1, 2.0))": -107.88078308105469,
    "(2, 0.8, (0.1, 4.1, 2.0))": -104.68171691894531,
    "(2, 1.0, (0.1, 4.1, 2.0))": -100.48893737792969,
    "(2, 1.2, (0.1, 4.1, 2.0))": -95.80066680908203,
    "(2, 1.4, (0.1, 4.1, 2.0))": -93.85108184814453,
    "(2, 1.6, (0.1, 4.1, 2.0))": -93.25694274902344,
    "(2, 1.8, (0.1, 4.1, 2.0))": -92.00164031982422,
    "(2, 2.0, (0.1, 4.1, 2.0))": -91.41717529296875,
    "(2, 0.2, (0.1, 4.5, 2.0))": -114.68192291259766,
    "(2, 0.4, (0.1, 4.5, 2.0))": -110.88320922851562,
    "(2, 0.6, (0.1, 4.5, 2.0))": -107.63785552978516,
    "(2, 0.8, (0.1, 4.5, 2.0))": -103.47675323486328,
    "(2, 1.0, (0.1, 4.5, 2.0))": -99.87993621826172,
    "(2, 1.2, (0.1, 4.5, 2.0))": -95.35140228271484,
    "(2, 1.4, (0.1, 4.5, 2.0))": -93.75244903564453,
    "(2, 1.6, (0.1, 4.5, 2.0))": -91.95001220703125,
    "(2, 1.8, (0.1, 4.5, 2.0))": -91.38944244384766,
    "(2, 2.0, (0.1, 4.5, 2.0))": -90.86351013183594,
    "(2, 0.2, (0.1, 4.9, 2.0))": -114.16250610351562,
    "(2, 0.4, (0.1, 4.9, 2.0))": -109.67772674560547,
    "(2, 0.6, (0.1, 4.9, 2.0))": -106.01441192626953,
    "(2, 0.8, (0.1, 4.9, 2.0))": -102.9945297241211,
    "(2, 1.0, (0.1, 4.9, 2.0))": -98.34923553466797,
    "(2, 1.2, (0.1, 4.9, 2.0))": -94.47403717041016,
    "(2, 1.4, (0.1, 4.9, 2.0))": -92.44412994384766,
    "(2, 1.6, (0.1, 4.9, 2.0))": -91.54706573486328,
    "(2, 1.8, (0.1, 4.9, 2.0))": -90.53746032714844,
    "(2, 2.0, (0.1, 4.9, 2.0))": -89.74217224121094,
    "(2, 0.2, (0.1, 5.3, 2.0))": -112.57623291015625,
    "(2, 0.4, (0.1, 5.3, 2.0))": -108.65206146240234,
    "(2, 0.6, (0.1, 5.3, 2.0))": -104.62743377685547,
    "(2, 0.8, (0.1, 5.3, 2.0))": -101.11148834228516,
    "(2, 1.0, (0.1, 5.3, 2.0))": -97.40766906738281,
    "(2, 1.2, (0.1, 5.3, 2.0))": -95.1566390991211,
    "(2, 1.4, (0.1, 5.3, 2.0))": -91.93639373779297,
    "(2, 1.6, (0.1, 5.3, 2.0))": -90.51304626464844,
    "(2, 1.8, (0.1, 5.3, 2.0))": -89.99625396728516,
    "(2, 2.0, (0.1, 5.3, 2.0))": -89.45545196533203,
    "(2, 0.2, (0.1, 5.7, 2.0))": -111.70219421386719,
    "(2, 0.4, (0.1, 5.7, 2.0))": -107.06948852539062,
    "(2, 0.6, (0.1, 5.7, 2.0))": -103.4925308227539,
    "(2, 0.8, (0.1, 5.7, 2.0))": -100.65213012695312,
    "(2, 1.0, (0.1, 5.7, 2.0))": -97.0184555053711,
    "(2, 1.2, (0.1, 5.7, 2.0))": -95.39923858642578,
    "(2, 1.4, (0.1, 5.7, 2.0))": -94.69673156738281,
    "(2, 1.6, (0.1, 5.7, 2.0))": -92.56907653808594,
    "(2, 1.8, (0.1, 5.7, 2.0))": -91.47564697265625,
    "(2, 2.0, (0.1, 5.7, 2.0))": -90.7253189086914,
    "(2, 0.2, (0.1, 6.1, 2.0))": -110.44280242919922,
    "(2, 0.4, (0.1, 6.1, 2.0))": -107.10208892822266,
    "(2, 0.6, (0.1, 6.1, 2.0))": -102.98080444335938,
    "(2, 0.8, (0.1, 6.1, 2.0))": -101.44750213623047,
    "(2, 1.0, (0.1, 6.1, 2.0))": -100.16095733642578,
    "(2, 1.2, (0.1, 6.1, 2.0))": -98.35090637207031,
    "(2, 1.4, (0.1, 6.1, 2.0))": -97.49923706054688,
    "(2, 1.6, (0.1, 6.1, 2.0))": -97.65628051757812,
    "(2, 1.8, (0.1, 6.1, 2.0))": -95.64495086669922,
    "(2, 2.0, (0.1, 6.1, 2.0))": -94.41199493408203,
    "(2, 0.2, (0.1, 6.5, 2.0))": -109.88919830322266,
    "(2, 0.4, (0.1, 6.5, 2.0))": -107.53561401367188,
    "(2, 0.6, (0.1, 6.5, 2.0))": -106.0567398071289,
    "(2, 0.8, (0.1, 6.5, 2.0))": -104.8065414428711,
    "(2, 1.0, (0.1, 6.5, 2.0))": -103.86717987060547,
    "(2, 1.2, (0.1, 6.5, 2.0))": -102.49999237060547,
    "(2, 1.4, (0.1, 6.5, 2.0))": -101.81831359863281,
    "(2, 1.6, (0.1, 6.5, 2.0))": -100.69520568847656,
    "(2, 1.8, (0.1, 6.5, 2.0))": -98.56563568115234,
    "(2, 2.0, (0.1, 6.5, 2.0))": -98.1299057006836,
    "(3, 0.2, (0.1, 2.9, 2.0))": -114.439697265625,
    "(3, 0.4, (0.1, 2.9, 2.0))": -110.61666107177734,
    "(3, 0.6, (0.1, 2.9, 2.0))": -109.16929626464844,
    "(3, 0.8, (0.1, 2.9, 2.0))": -106.42108154296875,
    "(3, 1.0, (0.1, 2.9, 2.0))": -104.52837371826172,
    "(3, 1.2, (0.1, 2.9, 2.0))": -102.92939758300781,
    "(3, 1.4, (0.1, 2.9, 2.0))": -101.70945739746094,
    "(3, 1.6, (0.1, 2.9, 2.0))": -100.71101379394531,
    "(3, 1.8, (0.1, 2.9, 2.0))": -99.75833129882812,
    "(3, 2.0, (0.1, 2.9, 2.0))": -98.81430053710938,
    "(3, 0.2, (0.1, 3.3, 2.0))": -114.7760009765625,
    "(3, 0.4, (0.1, 3.3, 2.0))": -111.0048599243164,
    "(3, 0.6, (0.1, 3.3, 2.0))": -107.6138916015625,
    "(3, 0.8, (0.1, 3.3, 2.0))": -104.53205108642578,
    "(3, 1.0, (0.1, 3.3, 2.0))": -101.99983978271484,
    "(3, 1.2, (0.1, 3.3, 2.0))": -100.15559387207031,
    "(3, 1.4, (0.1, 3.3, 2.0))": -98.91654205322266,
    "(3, 1.6, (0.1, 3.3, 2.0))": -97.62821197509766,
    "(3, 1.8, (0.1, 3.3, 2.0))": -96.86322784423828,
    "(3, 2.0, (0.1, 3.3, 2.0))": -94.9772720336914,
    "(3, 0.2, (0.1, 3.7, 2.0))": -114.70104217529297,
    "(3, 0.4, (0.1, 3.7, 2.0))": -111.59265899658203,
    "(3, 0.6, (0.1, 3.7, 2.0))": -107.82740783691406,
    "(3, 0.8, (0.1, 3.7, 2.0))": -104.47579193115234,
    "(3, 1.0, (0.1, 3.7, 2.0))": -100.29598236083984,
    "(3, 1.2, (0.1, 3.7, 2.0))": -97.346435546875,
    "(3, 1.4, (0.1, 3.7, 2.0))": -95.52901458740234,
    "(3, 1.6, (0.1, 3.7, 2.0))": -94.71503448486328,
    "(3, 1.8, (0.1, 3.7, 2.0))": -93.88282012939453,
    "(3, 2.0, (0.1, 3.7, 2.0))": -93.41613006591797,
    "(3, 0.2, (0.1, 4.1, 2.0))": -115.03091430664062,
    "(3, 0.4, (0.1, 4.1, 2.0))": -111.14647674560547,
    "(3, 0.6, (0.1, 4.1, 2.0))": -107.6858139038086,
    "(3, 0.8, (0.1, 4.1, 2.0))": -104.34327697753906,
    "(3, 1.0, (0.1, 4.1, 2.0))": -101.02024841308594,
    "(3, 1.2, (0.1, 4.1, 2.0))": -96.24674987792969,
    "(3, 1.4, (0.1, 4.1, 2.0))": -94.46943664550781,
    "(3, 1.6, (0.1, 4.1, 2.0))": -93.44734954833984,
    "(3, 1.8, (0.1, 4.1, 2.0))": -92.6256332397461,
    "(3, 2.0, (0.1, 4.1, 2.0))": -91.88291931152344,
    "(3, 0.2, (0.1, 4.5, 2.0))": -114.8077163696289,
    "(3, 0.4, (0.1, 4.5, 2.0))": -109.65506744384766,
    "(3, 0.6, (0.1, 4.5, 2.0))": -107.22411346435547,
    "(3, 0.8, (0.1, 4.5, 2.0))": -103.28201293945312,
    "(3, 1.0, (0.1, 4.5, 2.0))": -99.81319427490234,
    "(3, 1.2, (0.1, 4.5, 2.0))": -95.65754699707031,
    "(3, 1.4, (0.1, 4.5, 2.0))": -93.83594512939453,
    "(3, 1.6, (0.1, 4.5, 2.0))": -92.50908660888672,
    "(3, 1.8, (0.1, 4.5, 2.0))": -91.7332992553711,